value,avg_reward
0.1,2000.0
0.3111111111111111,2000.0
0.5222222222222223,2000.0
0.7333333333333333,2000.0
0.9444444444444444,2000.0
1.1555555555555557,2000.0
1.3666666666666667,2000.0
1.577777777777778,2000.0
1.788888888888889,2000.0
2.0,2000.0
