episode,reward,length,epsilon,lr,eval_reward
1,21.0,22,0.9983884676587405,0.09992752335777885,
2,11.0,12,0.9967795323539679,0.09992752335777885,
3,15.0,16,0.9951731899004739,0.09992752335777885,
4,18.0,19,0.9935694361197949,0.09992752335777885,
5,13.0,14,0.9919682668402008,0.09992752335777885,
6,16.0,17,0.9903696778966846,0.09992752335777885,
7,27.0,28,0.9887736651309513,0.09992752335777885,
8,28.0,29,0.9871802243914071,0.09992752335777885,
9,13.0,14,0.9855893515331484,0.09992752335777885,
10,19.0,20,0.9840010424179517,0.09992752335777885,
11,12.0,13,0.9824152929142621,0.09992752335777885,
12,17.0,18,0.9808320988971828,0.09992752335777885,
13,33.0,34,0.9792514562484645,0.09992752335777885,
14,11.0,12,0.9776733608564946,0.09992752335777885,
15,29.0,30,0.9760978086162865,0.09992752335777885,
16,22.0,23,0.9745247954294688,0.09992752335777885,
17,29.0,30,0.9729543172042748,0.09992752335777885,
18,27.0,28,0.9713863698555321,0.09992752335777885,
19,21.0,22,0.9698209493046511,0.09992752335777885,
20,22.0,23,0.9682580514796156,0.09992752335777885,25.6
21,21.0,22,0.9666976723149713,0.09992752335777885,
22,21.0,22,0.9651398077518154,0.09992752335777885,
23,31.0,32,0.9635844537377863,0.09992752335777885,
24,12.0,13,0.962031606227053,0.09992752335777885,
25,18.0,19,0.9604812611803042,0.09992752335777885,
26,16.0,17,0.9589334145647384,0.09992752335777885,
27,22.0,23,0.9573880623540528,0.09992752335777885,
28,9.0,10,0.9558452005284335,0.09992752335777885,
29,12.0,13,0.9543048250745442,0.09992752335777885,
30,37.0,38,0.9527669319855165,0.09992752335777885,
31,18.0,19,0.9512315172609392,0.09992752335777885,
32,16.0,17,0.9496985769068479,0.09992752335777885,
33,28.0,29,0.9481681069357143,0.09992752335777885,
34,25.0,26,0.9466401033664366,0.09992752335777885,
35,19.0,20,0.9451145622243282,0.09992752335777885,
36,20.0,21,0.9435914795411083,0.09992752335777885,
37,21.0,22,0.9420708513548909,0.09992752335777885,
38,17.0,18,0.9405526737101746,0.09992752335777885,
39,21.0,22,0.9390369426578326,0.09992752335777885,
40,26.0,27,0.937523654255102,0.09992752335777885,20.9
41,11.0,12,0.936012804565574,0.09992752335777885,
42,27.0,28,0.9345043896591836,0.09992752335777885,
43,36.0,37,0.9329984056121988,0.09992752335777885,
44,12.0,13,0.9314948485072112,0.09992752335777885,
45,19.0,20,0.9299937144331252,0.09992752335777885,
46,37.0,38,0.9284949994851481,0.09992752335777885,
47,19.0,20,0.92699869976478,0.09992752335777885,
48,39.0,40,0.9255048113798036,0.09992752335777885,
49,83.0,84,0.9240133304442737,0.09992752335777885,
50,27.0,28,0.9225242530785078,0.09992752335777885,
51,32.0,33,0.9210375754090755,0.09992752335777885,
52,39.0,40,0.9195532935687885,0.09992752335777885,
53,16.0,17,0.9180714036966906,0.09992752335777885,
54,12.0,13,0.9165919019380478,0.09992752335777885,
55,13.0,14,0.9151147844443381,0.09992752335777885,
56,15.0,16,0.9136400473732413,0.09992752335777885,
57,15.0,16,0.9121676868886295,0.09992752335777885,
58,13.0,14,0.9106976991605565,0.09992752335777885,
59,12.0,13,0.9092300803652487,0.09992752335777885,
60,12.0,13,0.9077648266850941,0.09992752335777885,30.3
61,16.0,17,0.9063019343086332,0.09992752335777885,
62,19.0,20,0.9048413994305488,0.09992752335777885,
63,20.0,21,0.9033832182516559,0.09992752335777885,
64,23.0,24,0.9019273869788922,0.09992752335777885,
65,13.0,14,0.900473901825308,0.09992752335777885,
66,17.0,18,0.8990227590100563,0.09992752335777885,
67,31.0,32,0.8975739547583833,0.09992752335777885,
68,21.0,22,0.8961274853016179,0.09992752335777885,
69,13.0,14,0.8946833468771628,0.09992752335777885,
70,16.0,17,0.8932415357284839,0.09992752335777885,
71,17.0,18,0.8918020481051011,0.09992752335777885,
72,12.0,13,0.8903648802625782,0.09992752335777885,
73,39.0,40,0.8889300284625133,0.09992752335777885,
74,12.0,13,0.8874974889725292,0.09992752335777885,
75,23.0,24,0.8860672580662634,0.09992752335777885,
76,14.0,15,0.8846393320233584,0.09992752335777885,
77,26.0,27,0.8832137071294526,0.09992752335777885,
78,27.0,28,0.8817903796761697,0.09992752335777885,
79,22.0,23,0.88036934596111,0.09992752335777885,
80,30.0,31,0.8789506022878402,0.09992752335777885,32.7
81,10.0,11,0.8775341449658838,0.09992752335777885,
82,34.0,35,0.8761199703107118,0.09992752335777885,
83,12.0,13,0.8747080746437327,0.09992752335777885,
84,15.0,16,0.8732984542922835,0.09992752335777885,
85,18.0,19,0.8718911055896195,0.09992752335777885,
86,53.0,54,0.8704860248749052,0.09992752335777885,
87,26.0,27,0.8690832084932049,0.09992752335777885,
88,11.0,12,0.8676826527954724,0.09992752335777885,
89,14.0,15,0.8662843541385427,0.09992752335777885,
90,27.0,28,0.8648883088851212,0.09992752335777885,
91,46.0,47,0.8634945134037756,0.09992752335777885,
92,20.0,21,0.8621029640689253,0.09992752335777885,
93,41.0,42,0.8607136572608325,0.09992752335777885,
94,14.0,15,0.8593265893655929,0.09992752335777885,
95,15.0,16,0.857941756775126,0.09992752335777885,
96,26.0,27,0.8565591558871658,0.09992752335777885,
97,20.0,21,0.8551787831052516,0.09992752335777885,
98,14.0,15,0.8538006348387186,0.09992752335777885,
99,9.0,10,0.8524247075026881,0.09992752335777885,
100,29.0,30,0.8510509975180588,0.09992752335777885,17.8
101,86.0,87,0.8496795013114973,0.09992752335777885,
102,53.0,54,0.8483102153154285,0.09992752335777885,
103,19.0,20,0.8469431359680268,0.09992752335777885,
104,14.0,15,0.8455782597132065,0.09992752335777885,
105,19.0,20,0.8442155830006127,0.09992752335777885,
106,16.0,17,0.842855102285612,0.09992752335777885,
107,8.0,9,0.8414968140292831,0.09992752335777885,
108,11.0,12,0.840140714698408,0.09992752335777885,
109,13.0,14,0.8387868007654626,0.09992752335777885,
110,10.0,11,0.8374350687086075,0.09992752335777885,
111,10.0,11,0.8360855150116787,0.09992752335777885,
112,14.0,15,0.8347381361641788,0.09992752335777885,
113,15.0,16,0.8333929286612675,0.09992752335777885,
114,21.0,22,0.8320498890037529,0.09992752335777885,
115,20.0,21,0.8307090136980819,0.09992752335777885,
116,30.0,31,0.8293702992563317,0.09992752335777885,
117,16.0,17,0.8280337421962,0.09992752335777885,
118,28.0,29,0.8266993390409966,0.09992752335777885,
119,10.0,11,0.8253670863196341,0.09992752335777885,
120,19.0,20,0.8240369805666188,0.09992752335777885,29.7
121,23.0,24,0.8227090183220418,0.09992752335777885,
122,47.0,48,0.82138319613157,0.09992752335777885,
123,16.0,17,0.8200595105464368,0.09992752335777885,
124,37.0,38,0.8187379581234338,0.09992752335777885,
125,68.0,69,0.8174185354249011,0.09992752335777885,
126,45.0,46,0.8161012390187188,0.09992752335777885,
127,19.0,20,0.8147860654782981,0.09992752335777885,
128,20.0,21,0.8134730113825722,0.09992752335777885,
129,27.0,28,0.8121620733159874,0.09992752335777885,
130,18.0,19,0.8108532478684943,0.09992752335777885,
131,15.0,16,0.8095465316355389,0.09992752335777885,
132,16.0,17,0.8082419212180537,0.09992752335777885,
133,10.0,11,0.8069394132224491,0.09992752335777885,
134,42.0,43,0.8056390042606041,0.09992752335777885,
135,16.0,17,0.8043406909498579,0.09992752335777885,
136,21.0,22,0.8030444699130012,0.09992752335777885,
137,22.0,23,0.8017503377782668,0.09992752335777885,
138,25.0,26,0.8004582911793213,0.09992752335777885,
139,19.0,20,0.7991683267552565,0.09992752335777885,
140,50.0,51,0.7978804411505801,0.09992752335777885,26.0
141,26.0,27,0.7965946310152076,0.09992752335777885,
142,13.0,14,0.7953108930044528,0.09992752335777885,
143,13.0,14,0.7940292237790201,0.09992752335777885,
144,11.0,12,0.7927496200049949,0.09992752335777885,
145,13.0,14,0.7914720783538357,0.09992752335777885,
146,35.0,36,0.7901965955023645,0.09992752335777885,
147,13.0,14,0.7889231681327593,0.09992752335777885,
148,54.0,55,0.7876517929325444,0.09992752335777885,
149,29.0,30,0.7863824665945826,0.09992752335777885,
150,10.0,11,0.785115185817066,0.09992752335777885,
151,51.0,52,0.7838499473035078,0.09992752335777885,
152,92.0,93,0.7825867477627336,0.09992752335777885,
153,54.0,55,0.7813255839088729,0.09992752335777885,
154,19.0,20,0.7800664524613502,0.09992752335777885,
155,19.0,20,0.7788093501448772,0.09992752335777885,
156,23.0,24,0.7775542736894434,0.09992752335777885,
157,26.0,27,0.7763012198303083,0.09992752335777885,
158,63.0,64,0.7750501853079925,0.09992752335777885,
159,37.0,38,0.7738011668682695,0.09992752335777885,
160,18.0,19,0.7725541612621569,0.09992752335777885,28.5
161,15.0,16,0.7713091652459083,0.09992752335777885,
162,21.0,22,0.7700661755810047,0.09992752335777885,
163,16.0,17,0.7688251890341458,0.09992752335777885,
164,31.0,32,0.7675862023772423,0.09992752335777885,
165,15.0,16,0.7663492123874067,0.09992752335777885,
166,24.0,25,0.7651142158469456,0.09992752335777885,
167,28.0,29,0.7638812095433508,0.09992752335777885,
168,13.0,14,0.7626501902692913,0.09992752335777885,
169,37.0,38,0.7614211548226045,0.09992752335777885,
170,20.0,21,0.7601941000062887,0.09992752335777885,
171,16.0,17,0.7589690226284939,0.09992752335777885,
172,37.0,38,0.7577459195025139,0.09992752335777885,
173,38.0,39,0.7565247874467782,0.09992752335777885,
174,31.0,32,0.7553056232848432,0.09992752335777885,
175,31.0,32,0.7540884238453844,0.09992752335777885,
176,9.0,10,0.7528731859621881,0.09992752335777885,
177,18.0,19,0.7516599064741429,0.09992752335777885,
178,15.0,16,0.7504485822252317,0.09992752335777885,
179,21.0,22,0.7492392100645233,0.09992752335777885,
180,32.0,33,0.7480317868461646,0.09992752335777885,24.9
181,33.0,34,0.7468263094293718,0.09992752335777885,
182,15.0,16,0.7456227746784229,0.09992752335777885,
183,18.0,19,0.7444211794626489,0.09992752335777885,
184,40.0,41,0.7432215206564262,0.09992752335777885,
185,12.0,13,0.7420237951391683,0.09992752335777885,
186,15.0,16,0.7408279997953173,0.09992752335777885,
187,10.0,11,0.7396341315143365,0.09992752335777885,
188,20.0,21,0.7384421871907018,0.09992752335777885,
189,19.0,20,0.7372521637238935,0.09992752335777885,
190,22.0,23,0.7360640580183888,0.09992752335777885,
191,13.0,14,0.7348778669836534,0.09992752335777885,
192,17.0,18,0.7336935875341334,0.09992752335777885,
193,38.0,39,0.7325112165892473,0.09992752335777885,
194,28.0,29,0.7313307510733784,0.09992752335777885,
195,70.0,71,0.730152187915866,0.09992752335777885,
196,30.0,31,0.7289755240509982,0.09992752335777885,
197,15.0,16,0.7278007564180033,0.09992752335777885,
198,61.0,62,0.7266278819610426,0.09992752335777885,
199,29.0,30,0.7254568976292014,0.09992752335777885,
200,31.0,32,0.7242878003764821,0.09992752335777885,29.1
201,24.0,25,0.7231205871617956,0.09992752335777885,
202,22.0,23,0.7219552549489537,0.09992752335777885,
203,41.0,42,0.7207918007066613,0.09992752335777885,
204,13.0,14,0.7196302214085077,0.09992752335777885,
205,35.0,36,0.7184705140329601,0.09992752335777885,
206,10.0,11,0.7173126755633547,0.09992752335777885,
207,39.0,40,0.7161567029878889,0.09992752335777885,
208,41.0,42,0.7150025932996141,0.09992752335777885,
209,14.0,15,0.7138503434964274,0.09992752335777885,
210,31.0,32,0.7126999505810636,0.09992752335777885,
211,49.0,50,0.7115514115610881,0.09992752335777885,
212,30.0,31,0.7104047234488886,0.09992752335777885,
213,14.0,15,0.7092598832616672,0.09992752335777885,
214,8.0,9,0.708116888021433,0.09992752335777885,
215,15.0,16,0.7069757347549944,0.09992752335777885,
216,31.0,32,0.705836420493951,0.09992752335777885,
217,31.0,32,0.7046989422746861,0.09992752335777885,
218,25.0,26,0.7035632971383591,0.09992752335777885,
219,25.0,26,0.7024294821308974,0.09992752335777885,
220,78.0,79,0.7012974943029893,0.09992752335777885,35.2
221,42.0,43,0.7001673307100758,0.09992752335777885,
222,21.0,22,0.6990389884123431,0.09992752335777885,
223,28.0,29,0.6979124644747153,0.09992752335777885,
224,36.0,37,0.6967877559668462,0.09992752335777885,
225,14.0,15,0.6956648599631119,0.09992752335777885,
226,9.0,10,0.6945437735426035,0.09992752335777885,
227,23.0,24,0.6934244937891192,0.09992752335777885,
228,21.0,22,0.6923070177911564,0.09992752335777885,
229,18.0,19,0.6911913426419051,0.09992752335777885,
230,18.0,19,0.690077465439239,0.09992752335777885,
231,27.0,28,0.6889653832857092,0.09992752335777885,
232,68.0,69,0.687855093288536,0.09992752335777885,
233,14.0,15,0.6867465925596015,0.09992752335777885,
234,12.0,13,0.6856398782154419,0.09992752335777885,
235,51.0,52,0.6845349473772405,0.09992752335777885,
236,39.0,40,0.6834317971708197,0.09992752335777885,
237,16.0,17,0.6823304247266337,0.09992752335777885,
238,26.0,27,0.6812308271797614,0.09992752335777885,
239,8.0,9,0.6801330016698982,0.09992752335777885,
240,35.0,36,0.6790369453413493,0.09992752335777885,26.6
241,35.0,36,0.6779426553430216,0.09992752335777885,
242,12.0,13,0.6768501288284169,0.09992752335777885,
243,75.0,76,0.6757593629556242,0.09992752335777885,
244,18.0,19,0.6746703548873123,0.09992752335777885,
245,40.0,41,0.6735831017907223,0.09992752335777885,
246,17.0,18,0.6724976008376606,0.09992752335777885,
247,35.0,36,0.6714138492044913,0.09992752335777885,
248,28.0,29,0.6703318440721288,0.09992752335777885,
249,28.0,29,0.6692515826260304,0.09992752335777885,
250,23.0,24,0.6681730620561893,0.09992752335777885,
251,16.0,17,0.6670962795571274,0.09992752335777885,
252,31.0,32,0.6660212323278871,0.09992752335777885,
253,18.0,19,0.6649479175720252,0.09992752335777885,
254,11.0,12,0.6638763324976047,0.09992752335777885,
255,51.0,52,0.662806474317188,0.09992752335777885,
256,65.0,66,0.6617383402478296,0.09992752335777885,
257,25.0,26,0.6606719275110688,0.09992752335777885,
258,30.0,31,0.6596072333329225,0.09992752335777885,
259,25.0,26,0.6585442549438777,0.09992752335777885,
260,33.0,34,0.657482989578885,0.09992752335777885,32.0
261,14.0,15,0.6564234344773505,0.09992752335777885,
262,29.0,30,0.6553655868831296,0.09992752335777885,
263,30.0,31,0.654309444044519,0.09992752335777885,
264,25.0,26,0.6532550032142497,0.09992752335777885,
265,33.0,34,0.6522022616494803,0.09992752335777885,
266,13.0,14,0.6511512166117895,0.09992752335777885,
267,34.0,35,0.6501018653671692,0.09992752335777885,
268,18.0,19,0.6490542051860169,0.09992752335777885,
269,23.0,24,0.6480082333431291,0.09992752335777885,
270,11.0,12,0.6469639471176941,0.09992752335777885,
271,33.0,34,0.645921343793285,0.09992752335777885,
272,34.0,35,0.6448804206578523,0.09992752335777885,
273,18.0,19,0.6438411750037172,0.09992752335777885,
274,20.0,21,0.6428036041275641,0.09992752335777885,
275,25.0,26,0.6417677053304344,0.09992752335777885,
276,39.0,40,0.6407334759177185,0.09992752335777885,
277,55.0,56,0.6397009131991495,0.09992752335777885,
278,35.0,36,0.6386700144887958,0.09992752335777885,
279,31.0,32,0.6376407771050544,0.09992752335777885,
280,29.0,30,0.6366131983706438,0.09992752335777885,29.1
281,17.0,18,0.6355872756125968,0.09992752335777885,
282,23.0,24,0.634563006162254,0.09992752335777885,
283,24.0,25,0.6335403873552566,0.09992752335777885,
284,22.0,23,0.6325194165315395,0.09992752335777885,
285,25.0,26,0.6315000910353243,0.09992752335777885,
286,23.0,24,0.6304824082151126,0.09992752335777885,
287,20.0,21,0.6294663654236787,0.09992752335777885,
288,44.0,45,0.6284519600180634,0.09992752335777885,
289,43.0,44,0.6274391893595663,0.09992752335777885,
290,25.0,26,0.6264280508137398,0.09992752335777885,
291,79.0,80,0.6254185417503813,0.09992752335777885,
292,25.0,26,0.6244106595435271,0.09992752335777885,
293,82.0,83,0.6234044015714455,0.09992752335777885,
294,16.0,17,0.6223997652166295,0.09992752335777885,
295,85.0,86,0.6213967478657906,0.09992752335777885,
296,34.0,35,0.6203953469098513,0.09992752335777885,
297,16.0,17,0.6193955597439391,0.09992752335777885,
298,56.0,57,0.6183973837673792,0.09992752335777885,
299,19.0,20,0.6174008163836877,0.09992752335777885,
300,20.0,21,0.6164058550005653,0.09992752335777885,26.4
301,39.0,40,0.6154124970298902,0.09992752335777885,
302,26.0,27,0.6144207398877113,0.09992752335777885,
303,21.0,22,0.6134305809942416,0.09992752335777885,
304,26.0,27,0.6124420177738518,0.09992752335777885,
305,18.0,19,0.611455047655063,0.09992752335777885,
306,22.0,23,0.6104696680705405,0.09992752335777885,
307,14.0,15,0.6094858764570869,0.09992752335777885,
308,37.0,38,0.6085036702556353,0.09992752335777885,
309,25.0,26,0.6075230469112433,0.09992752335777885,
310,29.0,30,0.6065440038730853,0.09992752335777885,
311,48.0,49,0.6055665385944468,0.09992752335777885,
312,21.0,22,0.6045906485327172,0.09992752335777885,
313,35.0,36,0.6036163311493836,0.09992752335777885,
314,31.0,32,0.6026435839100239,0.09992752335777885,
315,18.0,19,0.6016724042843004,0.09992752335777885,
316,25.0,26,0.6007027897459528,0.09992752335777885,
317,41.0,42,0.5997347377727924,0.09992752335777885,
318,44.0,45,0.5987682458466947,0.09992752335777885,
319,16.0,17,0.5978033114535936,0.09992752335777885,
320,12.0,13,0.5968399320834741,0.09992752335777885,23.2
321,97.0,98,0.5958781052303664,0.09992752335777885,
322,20.0,21,0.5949178283923392,0.09992752335777885,
323,19.0,20,0.593959099071493,0.09992752335777885,
324,24.0,25,0.5930019147739539,0.09992752335777885,
325,15.0,16,0.5920462730098669,0.09992752335777885,
326,36.0,37,0.5910921712933893,0.09992752335777885,
327,61.0,62,0.5901396071426847,0.09992752335777885,
328,20.0,21,0.589188578079916,0.09992752335777885,
329,21.0,22,0.5882390816312395,0.09992752335777885,
330,17.0,18,0.5872911153267979,0.09992752335777885,
331,21.0,22,0.5863446767007143,0.09992752335777885,
332,92.0,93,0.5853997632910858,0.09992752335777885,
333,15.0,16,0.5844563726399765,0.09992752335777885,
334,24.0,25,0.583514502293412,0.09992752335777885,
335,20.0,21,0.5825741498013721,0.09992752335777885,
336,24.0,25,0.5816353127177855,0.09992752335777885,
337,43.0,44,0.5806979886005221,0.09992752335777885,
338,10.0,11,0.579762175011388,0.09992752335777885,
339,23.0,24,0.5788278695161182,0.09992752335777885,
340,28.0,29,0.5778950696843707,0.09992752335777885,39.0
341,17.0,18,0.5769637730897198,0.09992752335777885,
342,27.0,28,0.5760339773096506,0.09992752335777885,
343,25.0,26,0.5751056799255517,0.09992752335777885,
344,34.0,35,0.5741788785227097,0.09992752335777885,
345,33.0,34,0.5732535706903021,0.09992752335777885,
346,92.0,93,0.5723297540213922,0.09992752335777885,
347,18.0,19,0.5714074261129216,0.09992752335777885,
348,54.0,55,0.5704865845657048,0.09992752335777885,
349,27.0,28,0.5695672269844224,0.09992752335777885,
350,17.0,18,0.5686493509776155,0.09992752335777885,
351,22.0,23,0.5677329541576788,0.09992752335777885,
352,26.0,27,0.5668180341408549,0.09992752335777885,
353,38.0,39,0.5659045885472277,0.09992752335777885,
354,43.0,44,0.5649926150007166,0.09992752335777885,
355,10.0,11,0.5640821111290701,0.09992752335777885,
356,37.0,38,0.5631730745638597,0.09992752335777885,
357,33.0,34,0.5622655029404734,0.09992752335777885,
358,36.0,37,0.5613593938981103,0.09992752335777885,
359,12.0,13,0.5604547450797737,0.09992752335777885,
360,45.0,46,0.5595515541322652,0.09992752335777885,34.2
361,20.0,21,0.558649818706179,0.09992752335777885,
362,23.0,24,0.5577495364558952,0.09992752335777885,
363,13.0,14,0.556850705039574,0.09992752335777885,
364,57.0,58,0.5559533221191496,0.09992752335777885,
365,42.0,43,0.5550573853603239,0.09992752335777885,
366,18.0,19,0.5541628924325608,0.09992752335777885,
367,30.0,31,0.5532698410090797,0.09992752335777885,
368,34.0,35,0.55237822876685,0.09992752335777885,
369,38.0,39,0.5514880533865846,0.09992752335777885,
370,37.0,38,0.5505993125527339,0.09992752335777885,
371,62.0,63,0.5497120039534799,0.09992752335777885,
372,38.0,39,0.5488261252807303,0.09992752335777885,
373,82.0,83,0.5479416742301122,0.09992752335777885,
374,35.0,36,0.5470586485009664,0.09992752335777885,
375,24.0,25,0.5461770457963414,0.09992752335777885,
376,36.0,37,0.545296863822987,0.09992752335777885,
377,14.0,15,0.5444181002913488,0.09992752335777885,
378,42.0,43,0.5435407529155623,0.09992752335777885,
379,30.0,31,0.5426648194134462,0.09992752335777885,
380,26.0,27,0.5417902975064977,0.09992752335777885,32.9
381,70.0,71,0.5409171849198853,0.09992752335777885,
382,38.0,39,0.5400454793824438,0.09992752335777885,
383,88.0,89,0.539175178626668,0.09992752335777885,
384,31.0,32,0.5383062803887066,0.09992752335777885,
385,17.0,18,0.5374387824083571,0.09992752335777885,
386,50.0,51,0.5365726824290589,0.09992752335777885,
387,24.0,25,0.5357079781978881,0.09992752335777885,
388,42.0,43,0.5348446674655514,0.09992752335777885,
389,19.0,20,0.5339827479863805,0.09992752335777885,
390,107.0,108,0.5331222175183258,0.09992752335777885,
391,21.0,22,0.532263073822951,0.09992752335777885,
392,15.0,16,0.5314053146654271,0.09992752335777885,
393,38.0,39,0.5305489378145265,0.09992752335777885,
394,40.0,41,0.5296939410426175,0.09992752335777885,
395,47.0,48,0.528840322125658,0.09992752335777885,
396,23.0,24,0.5279880788431904,0.09992752335777885,
397,49.0,50,0.5271372089783352,0.09992752335777885,
398,17.0,18,0.5262877103177853,0.09992752335777885,
399,32.0,33,0.5254395806518007,0.09992752335777885,
400,90.0,91,0.5245928177742025,0.09992752335777885,49.4
401,32.0,33,0.5237474194823669,0.09992752335777885,
402,27.0,28,0.5229033835772199,0.09992752335777885,
403,14.0,15,0.5220607078632311,0.09992752335777885,
404,46.0,47,0.5212193901484087,0.09992752335777885,
405,34.0,35,0.520379428244293,0.09992752335777885,
406,27.0,28,0.5195408199659511,0.09992752335777885,
407,31.0,32,0.5187035631319715,0.09992752335777885,
408,41.0,42,0.5178676555644578,0.09992752335777885,
409,42.0,43,0.5170330950890234,0.09992752335777885,
410,47.0,48,0.516199879534786,0.09992752335777885,
411,53.0,54,0.5153680067343613,0.09992752335777885,
412,37.0,38,0.5145374745238585,0.09992752335777885,
413,132.0,133,0.5137082807428732,0.09992752335777885,
414,38.0,39,0.5128804232344832,0.09992752335777885,
415,28.0,29,0.512053899845242,0.09992752335777885,
416,27.0,28,0.5112287084251733,0.09992752335777885,
417,34.0,35,0.5104048468277658,0.09992752335777885,
418,23.0,24,0.5095823129099672,0.09992752335777885,
419,60.0,61,0.508761104532179,0.09992752335777885,
420,90.0,91,0.5079412195582506,0.09992752335777885,43.2
421,140.0,141,0.5071226558554737,0.09992752335777885,
422,85.0,86,0.5063054112945772,0.09992752335777885,
423,74.0,75,0.5054894837497212,0.09992752335777885,
424,95.0,96,0.504674871098492,0.09992752335777885,
425,58.0,59,0.5038615712218958,0.09992752335777885,
426,72.0,73,0.5030495820043539,0.09992752335777885,
427,38.0,39,0.5022389013336968,0.09992752335777885,
428,84.0,85,0.5014295271011588,0.09992752335777885,
429,96.0,97,0.5006214572013729,0.09992752335777885,
430,40.0,41,0.49981468953236435,0.09992752335777885,
431,146.0,147,0.49900922199554637,0.09992752335777885,
432,48.0,49,0.4982050524957138,0.09992752335777885,
433,40.0,41,0.49740217894103805,0.09992752335777885,
434,37.0,38,0.4966005992430616,0.09992752335777885,
435,25.0,26,0.49580031131669255,0.09992752335777885,
436,47.0,48,0.4950013130801992,0.09992752335777885,
437,21.0,22,0.4942036024552045,0.09992752335777885,
438,50.0,51,0.493407177366681,0.09992752335777885,
439,24.0,25,0.492612035742945,0.09992752335777885,
440,124.0,125,0.49181817551565155,0.09992752335777885,61.3
441,34.0,35,0.4910255946197888,0.09992752335777885,
442,80.0,81,0.49023429099367277,0.09992752335777885,
443,43.0,44,0.489444262578942,0.09992752335777885,
444,79.0,80,0.48865550732055213,0.09992752335777885,
445,96.0,97,0.48786802316677047,0.09992752335777885,
446,74.0,75,0.48708180806917084,0.09992752335777885,
447,83.0,84,0.48629685998262817,0.09992752335777885,
448,55.0,56,0.4855131768653132,0.09992752335777885,
449,63.0,64,0.4847307566786871,0.09992752335777885,
450,28.0,29,0.48394959738749616,0.09992752335777885,
451,36.0,37,0.4831696969597667,0.09992752335777885,
452,40.0,41,0.48239105336679944,0.09992752335777885,
453,57.0,58,0.48161366458316457,0.09992752335777885,
454,31.0,32,0.48083752858669626,0.09992752335777885,
455,117.0,118,0.4800626433584875,0.09992752335777885,
456,32.0,33,0.4792890068828847,0.09992752335777885,
457,71.0,72,0.4785166171474828,0.09992752335777885,
458,19.0,20,0.4777454721431195,0.09992752335777885,
459,18.0,19,0.4769755698638706,0.09992752335777885,
460,32.0,33,0.47620690830704426,0.09992752335777885,60.4
461,74.0,75,0.4754394854731762,0.09992752335777885,
462,37.0,38,0.47467329936602437,0.09992752335777885,
463,49.0,50,0.47390834799256365,0.09992752335777885,
464,69.0,70,0.47314462936298074,0.09992752335777885,
465,32.0,33,0.47238214149066904,0.09992752335777885,
466,24.0,25,0.4716208823922234,0.09992752335777885,
467,95.0,96,0.47086085008743495,0.09992752335777885,
468,22.0,23,0.47010204259928606,0.09992752335777885,
469,69.0,70,0.46934445795394514,0.09992752335777885,
470,44.0,45,0.4685880941807614,0.09992752335777885,
471,46.0,47,0.46783294931225994,0.09992752335777885,
472,42.0,43,0.4670790213841364,0.09992752335777885,
473,29.0,30,0.46632630843525197,0.09992752335777885,
474,25.0,26,0.4655748085076284,0.09992752335777885,
475,27.0,28,0.4648245196464426,0.09992752335777885,
476,27.0,28,0.4640754399000219,0.09992752335777885,
477,55.0,56,0.46332756731983876,0.09992752335777885,
478,29.0,30,0.4625808999605057,0.09992752335777885,
479,36.0,37,0.46183543587977044,0.09992752335777885,
480,44.0,45,0.4610911731385105,0.09992752335777885,54.7
481,20.0,21,0.4603481098007285,0.09992752335777885,
482,42.0,43,0.45960624393354693,0.09992752335777885,
483,53.0,54,0.4588655736072032,0.09992752335777885,
484,74.0,75,0.4581260968950446,0.09992752335777885,
485,48.0,49,0.45738781187352323,0.09992752335777885,
486,100.0,101,0.4566507166221911,0.09992752335777885,
487,56.0,57,0.4559148092236951,0.09992752335777885,
488,106.0,107,0.45518008776377195,0.09992752335777885,
489,40.0,41,0.45444655033124326,0.09992752335777885,
490,166.0,167,0.45371419501801064,0.09992752335777885,
491,135.0,136,0.45298301991905054,0.09992752335777885,
492,169.0,170,0.45225302313240956,0.09992752335777885,
493,57.0,58,0.4515242027591993,0.09992752335777885,
494,46.0,47,0.45079655690359144,0.09992752335777885,
495,36.0,37,0.45007008367281287,0.09992752335777885,
496,96.0,97,0.4493447811771407,0.09992752335777885,
497,41.0,42,0.44862064752989755,0.09992752335777885,
498,164.0,165,0.4478976808474463,0.09992752335777885,
499,57.0,58,0.4471758792491855,0.09992752335777885,
500,118.0,119,0.4464552408575443,0.09992752335777885,90.1
501,39.0,40,0.4457357637979775,0.09992752335777885,
502,38.0,39,0.44501744619896105,0.09992752335777885,
503,68.0,69,0.4443002861919867,0.09992752335777885,
504,24.0,25,0.4435842819115574,0.09992752335777885,
505,67.0,68,0.44286943149518254,0.09992752335777885,
506,68.0,69,0.4421557330833728,0.09992752335777885,
507,48.0,49,0.4414431848196356,0.09992752335777885,
508,49.0,50,0.44073178485047015,0.09992752335777885,
509,52.0,53,0.4400215313253626,0.09992752335777885,
510,75.0,76,0.4393124223967812,0.09992752335777885,
511,87.0,88,0.4386044562201717,0.09992752335777885,
512,37.0,38,0.43789763095395234,0.09992752335777885,
513,100.0,101,0.4371919447595091,0.09992752335777885,
514,169.0,170,0.436487395801191,0.09992752335777885,
515,73.0,74,0.4357839822463052,0.09992752335777885,
516,34.0,35,0.4350817022651124,0.09992752335777885,
517,162.0,163,0.43438055403082193,0.09992752335777885,
518,87.0,88,0.43368053571958703,0.09992752335777885,
519,140.0,141,0.43298164551050017,0.09992752335777885,
520,120.0,121,0.4322838815855882,0.09992752335777885,67.0
521,35.0,36,0.4315872421298078,0.09992752335777885,
522,123.0,124,0.4308917253310406,0.09992752335777885,
523,96.0,97,0.4301973293800885,0.09992752335777885,
524,63.0,64,0.429504052470669,0.09992752335777885,
525,77.0,78,0.42881189279941045,0.09992752335777885,
526,60.0,61,0.4281208485658475,0.09992752335777885,
527,22.0,23,0.4274309179724161,0.09992752335777885,
528,35.0,36,0.42674209922444933,0.09992752335777885,
529,68.0,69,0.42605439053017213,0.09992752335777885,
530,43.0,44,0.42536779010069714,0.09992752335777885,
531,113.0,114,0.4246822961500198,0.09992752335777885,
532,31.0,32,0.42399790689501365,0.09992752335777885,
533,30.0,31,0.42331462055542596,0.09992752335777885,
534,25.0,26,0.42263243535387285,0.09992752335777885,
535,20.0,21,0.4219513495158348,0.09992752335777885,
536,33.0,34,0.4212713612696519,0.09992752335777885,
537,26.0,27,0.42059246884651946,0.09992752335777885,
538,50.0,51,0.4199146704804831,0.09992752335777885,
539,43.0,44,0.4192379644084344,0.09992752335777885,
540,22.0,23,0.4185623488701064,0.09992752335777885,54.4
541,26.0,27,0.4178878221080687,0.09992752335777885,
542,35.0,36,0.417214382367723,0.09992752335777885,
543,59.0,60,0.4165420278972988,0.09992752335777885,
544,18.0,19,0.4158707569478485,0.09992752335777885,
545,45.0,46,0.41520056777324293,0.09992752335777885,
546,35.0,36,0.41453145863016705,0.09992752335777885,
547,72.0,73,0.413863427778115,0.09992752335777885,
548,73.0,74,0.41319647347938604,0.09992752335777885,
549,87.0,88,0.4125305939990796,0.09992752335777885,
550,23.0,24,0.41186578760509107,0.09992752335777885,
551,100.0,101,0.41120205256810716,0.09992752335777885,
552,59.0,60,0.4105393871616013,0.09992752335777885,
553,18.0,19,0.40987778966182953,0.09992752335777885,
554,94.0,95,0.4092172583478255,0.09992752335777885,
555,38.0,39,0.40855779150139643,0.09992752335777885,
556,31.0,32,0.40789938740711834,0.09992752335777885,
557,37.0,38,0.4072420443523318,0.09992752335777885,
558,65.0,66,0.40658576062713736,0.09992752335777885,
559,64.0,65,0.4059305345243911,0.09992752335777885,
560,23.0,24,0.40527636433970027,0.09992752335777885,53.0
561,26.0,27,0.4046232483714188,0.09992752335777885,
562,46.0,47,0.40397118492064277,0.09992752335777885,
563,86.0,87,0.4033201722912062,0.09992752335777885,
564,126.0,127,0.4026702087896766,0.09992752335777885,
565,81.0,82,0.40202129272535025,0.09992752335777885,
566,47.0,48,0.40137342241024837,0.09992752335777885,
567,110.0,111,0.4007265961591122,0.09992752335777885,
568,43.0,44,0.40008081228939896,0.09992752335777885,
569,37.0,38,0.3994360691212772,0.09992752335777885,
570,51.0,52,0.3987923649776227,0.09992752335777885,
571,90.0,91,0.3981496981840139,0.09992752335777885,
572,19.0,20,0.39750806706872766,0.09992752335777885,
573,103.0,104,0.3968674699627348,0.09992752335777885,
574,69.0,70,0.39622790519969603,0.09992752335777885,
575,46.0,47,0.3955893711159572,0.09992752335777885,
576,25.0,26,0.39495186605054533,0.09992752335777885,
577,58.0,59,0.39431538834516405,0.09992752335777885,
578,15.0,16,0.3936799363441895,0.09992752335777885,
579,49.0,50,0.39304550839466584,0.09992752335777885,
580,29.0,30,0.392412102846301,0.09992752335777885,49.5
581,30.0,31,0.39177971805146256,0.09992752335777885,
582,61.0,62,0.3911483523651731,0.09992752335777885,
583,29.0,30,0.39051800414510623,0.09992752335777885,
584,39.0,40,0.38988867175158226,0.09992752335777885,
585,24.0,25,0.38926035354756383,0.09992752335777885,
586,59.0,60,0.38863304789865183,0.09992752335777885,
587,23.0,24,0.38800675317308086,0.09992752335777885,
588,84.0,85,0.38738146774171534,0.09992752335777885,
589,37.0,38,0.386757189978045,0.09992752335777885,
590,100.0,101,0.3861339182581807,0.09992752335777885,
591,24.0,25,0.3855116509608504,0.09992752335777885,
592,53.0,54,0.3848903864673946,0.09992752335777885,
593,55.0,56,0.3842701231617625,0.09992752335777885,
594,25.0,26,0.38365085943050753,0.09992752335777885,
595,37.0,38,0.38303259366278325,0.09992752335777885,
596,64.0,65,0.38241532425033914,0.09992752335777885,
597,54.0,55,0.3817990495875165,0.09992752335777885,
598,64.0,65,0.38118376807124404,0.09992752335777885,
599,70.0,71,0.38056947810103403,0.09992752335777885,
600,70.0,71,0.37995617807897797,0.09992752335777885,50.9
601,52.0,53,0.3793438664097423,0.09992752335777885,
602,122.0,123,0.37873254150056457,0.09992752335777885,
603,18.0,19,0.378122201761249,0.09992752335777885,
604,28.0,29,0.3775128456041625,0.09992752335777885,
605,56.0,57,0.37690447144423045,0.09992752335777885,
606,41.0,42,0.3762970776989327,0.09992752335777885,
607,27.0,28,0.37569066278829943,0.09992752335777885,
608,99.0,100,0.37508522513490683,0.09992752335777885,
609,91.0,92,0.3744807631638733,0.09992752335777885,
610,57.0,58,0.37387727530285514,0.09992752335777885,
611,58.0,59,0.37327475998204257,0.09992752335777885,
612,49.0,50,0.3726732156341556,0.09992752335777885,
613,52.0,53,0.37207264069443996,0.09992752335777885,
614,84.0,85,0.371473033600663,0.09992752335777885,
615,53.0,54,0.37087439279310974,0.09992752335777885,
616,98.0,99,0.3702767167145786,0.09992752335777885,
617,27.0,28,0.3696800038103777,0.09992752335777885,
618,96.0,97,0.36908425252832033,0.09992752335777885,
619,73.0,74,0.36848946131872135,0.09992752335777885,
620,94.0,95,0.3678956286343929,0.09992752335777885,82.4
621,65.0,66,0.3673027529306406,0.09992752335777885,
622,60.0,61,0.36671083266525917,0.09992752335777885,
623,68.0,69,0.3661198662985289,0.09992752335777885,
624,44.0,45,0.36552985229321117,0.09992752335777885,
625,91.0,92,0.3649407891145448,0.09992752335777885,
626,52.0,53,0.36435267523024195,0.09992752335777885,
627,46.0,47,0.363765509110484,0.09992752335777885,
628,63.0,64,0.3631792892279177,0.09992752335777885,
629,29.0,30,0.36259401405765124,0.09992752335777885,
630,42.0,43,0.3620096820772502,0.09992752335777885,
631,40.0,41,0.36142629176673363,0.09992752335777885,
632,93.0,94,0.36084384160857,0.09992752335777885,
633,95.0,96,0.3602623300876735,0.09992752335777885,
634,110.0,111,0.3596817556913997,0.09992752335777885,
635,124.0,125,0.359102116909542,0.09992752335777885,
636,40.0,41,0.35852341223432754,0.09992752335777885,
637,37.0,38,0.3579456401604132,0.09992752335777885,
638,45.0,46,0.35736879918488185,0.09992752335777885,
639,94.0,95,0.35679288780723833,0.09992752335777885,
640,55.0,56,0.3562179045294056,0.09992752335777885,80.2
641,89.0,90,0.3556438478557208,0.09992752335777885,
642,42.0,43,0.3550707162929313,0.09992752335777885,
643,48.0,49,0.35449850835019103,0.09992752335777885,
644,101.0,102,0.35392722253905645,0.09992752335777885,
645,37.0,38,0.3533568573734826,0.09992752335777885,
646,37.0,38,0.3527874113698194,0.09992752335777885,
647,71.0,72,0.3522188830468077,0.09992752335777885,
648,61.0,62,0.35165127092557547,0.09992752335777885,
649,70.0,71,0.3510845735296339,0.09992752335777885,
650,56.0,57,0.3505187893848736,0.09992752335777885,
651,91.0,92,0.3499539170195607,0.09992752335777885,
652,87.0,88,0.3493899549643332,0.09992752335777885,
653,76.0,77,0.348826901752197,0.09992752335777885,
654,111.0,112,0.34826475591852196,0.09992752335777885,
655,49.0,50,0.3477035160010384,0.09992752335777885,
656,30.0,31,0.34714318053983306,0.09992752335777885,
657,81.0,82,0.34658374807734543,0.09992752335777885,
658,54.0,55,0.3460252171583638,0.09992752335777885,
659,57.0,58,0.3454675863300218,0.09992752335777885,
660,36.0,37,0.34491085414179407,0.09992752335777885,93.7
661,153.0,154,0.3443550191454931,0.09992752335777885,
662,94.0,95,0.34380007989526506,0.09992752335777885,
663,141.0,142,0.3432460349475862,0.09992752335777885,
664,83.0,84,0.3426928828612591,0.09992752335777885,
665,62.0,63,0.3421406221974087,0.09992752335777885,
666,82.0,83,0.34158925151947894,0.09992752335777885,
667,42.0,43,0.34103876939322864,0.09992752335777885,
668,98.0,99,0.3404891743867281,0.09992752335777885,
669,76.0,77,0.33994046507035514,0.09992752335777885,
670,71.0,72,0.3393926400167914,0.09992752335777885,
671,129.0,130,0.3388456978010189,0.09992752335777885,
672,29.0,30,0.3382996370003159,0.09992752335777885,
673,72.0,73,0.33775445619425354,0.09992752335777885,
674,64.0,65,0.33721015396469195,0.09992752335777885,
675,64.0,65,0.33666672889577676,0.09992752335777885,
676,49.0,50,0.33612417957393514,0.09992752335777885,
677,89.0,90,0.3355825045878724,0.09992752335777885,
678,94.0,95,0.3350417025285682,0.09992752335777885,
679,85.0,86,0.3345017719892727,0.09992752335777885,
680,50.0,51,0.3339627115655034,0.09992752335777885,86.1
681,50.0,51,0.33342451985504085,0.09992752335777885,
682,46.0,47,0.3328871954579255,0.09992752335777885,
683,118.0,119,0.33235073697645384,0.09992752335777885,
684,144.0,145,0.33181514301517484,0.09992752335777885,
685,36.0,37,0.3312804121808862,0.09992752335777885,
686,55.0,56,0.3307465430826309,0.09992752335777885,
687,134.0,135,0.3302135343316934,0.09992752335777885,
688,129.0,130,0.3296813845415963,0.09992752335777885,
689,139.0,140,0.3291500923280963,0.09992752335777885,
690,119.0,120,0.328619656309181,0.09992752335777885,
691,113.0,114,0.32809007510506516,0.09992752335777885,
692,62.0,63,0.3275613473381871,0.09992752335777885,
693,60.0,61,0.32703347163320506,0.09992752335777885,
694,129.0,130,0.32650644661699374,0.09992752335777885,
695,84.0,85,0.32598027091864074,0.09992752335777885,
696,61.0,62,0.3254549431694428,0.09992752335777885,
697,53.0,54,0.32493046200290243,0.09992752335777885,
698,45.0,46,0.3244068260547244,0.09992752335777885,
699,77.0,78,0.32388403396281185,0.09992752335777885,
700,24.0,25,0.32336208436726316,0.09992752335777885,96.9
701,91.0,92,0.3228409759103682,0.09992752335777885,
702,91.0,92,0.32232070723660483,0.09992752335777885,
703,59.0,60,0.3218012769926354,0.09992752335777885,
704,109.0,110,0.32128268382730313,0.09992752335777885,
705,63.0,64,0.3207649263916288,0.09992752335777885,
706,93.0,94,0.32024800333880693,0.09992752335777885,
707,22.0,23,0.31973191332420264,0.09992752335777885,
708,86.0,87,0.3192166550053479,0.09992752335777885,
709,108.0,109,0.31870222704193807,0.09992752335777885,
710,46.0,47,0.31818862809582854,0.09992752335777885,
711,88.0,89,0.3176758568310311,0.09992752335777885,
712,157.0,158,0.31716391191371057,0.09992752335777885,
713,134.0,135,0.3166527920121812,0.09992752335777885,
714,84.0,85,0.31614249579690346,0.09992752335777885,
715,214.0,215,0.31563302194048026,0.09992752335777885,
716,90.0,91,0.3151243691176537,0.09992752335777885,
717,139.0,140,0.3146165360053016,0.09992752335777885,
718,127.0,128,0.314109521282434,0.09992752335777885,
719,105.0,106,0.31360332363018983,0.09992752335777885,
720,97.0,98,0.3130979417318333,0.09992752335777885,86.3
721,54.0,55,0.31259337427275063,0.09992752335777885,
722,58.0,59,0.31208961994044665,0.09992752335777885,
723,51.0,52,0.3115866774245412,0.09992752335777885,
724,125.0,126,0.31108454541676595,0.09992752335777885,
725,130.0,131,0.31058322261096083,0.09992752335777885,
726,76.0,77,0.31008270770307067,0.09992752335777885,
727,87.0,88,0.30958299939114187,0.09992752335777885,
728,72.0,73,0.3090840963753189,0.09992752335777885,
729,62.0,63,0.3085859973578411,0.09992752335777885,
730,103.0,104,0.3080887010430391,0.09992752335777885,
731,105.0,106,0.30759220613733157,0.09992752335777885,
732,101.0,102,0.3070965113492219,0.09992752335777885,
733,58.0,59,0.30660161538929465,0.09992752335777885,
734,216.0,217,0.3061075169702124,0.09992752335777885,
735,48.0,49,0.30561421480671225,0.09992752335777885,
736,60.0,61,0.3051217076156026,0.09992752335777885,
737,111.0,112,0.3046299941157597,0.09992752335777885,
738,109.0,110,0.30413907302812443,0.09992752335777885,
739,39.0,40,0.3036489430756989,0.09992752335777885,
740,109.0,110,0.3031596029835431,0.09992752335777885,99.2
741,118.0,119,0.3026710514787717,0.09992752335777885,
742,124.0,125,0.30218328729055066,0.09992752335777885,
743,50.0,51,0.3016963091500938,0.09992752335777885,
744,27.0,28,0.3012101157906598,0.09992752335777885,
745,68.0,69,0.30072470594754863,0.09992752335777885,
746,86.0,87,0.3002400783580984,0.09992752335777885,
747,25.0,26,0.29975623176168203,0.09992752335777885,
748,114.0,115,0.299273164899704,0.09992752335777885,
749,102.0,103,0.29879087651559705,0.09992752335777885,
750,70.0,71,0.2983093653548189,0.09992752335777885,
751,78.0,79,0.297828630164849,0.09992752335777885,
752,184.0,185,0.2973486696951853,0.09992752335777885,
753,86.0,87,0.29686948269734104,0.09992752335777885,
754,59.0,60,0.29639106792484127,0.09992752335777885,
755,66.0,67,0.2959134241332199,0.09992752335777885,
756,70.0,71,0.2954365500800164,0.09992752335777885,
757,140.0,141,0.2949604445247723,0.09992752335777885,
758,52.0,53,0.29448510622902835,0.09992752335777885,
759,152.0,153,0.29401053395632104,0.09992752335777885,
760,84.0,85,0.29353672647217943,0.09992752335777885,63.9
761,123.0,124,0.2930636825441221,0.09992752335777885,
762,124.0,125,0.2925914009416536,0.09992752335777885,
763,77.0,78,0.2921198804362617,0.09992752335777885,
764,55.0,56,0.2916491198014138,0.09992752335777885,
765,38.0,39,0.2911791178125539,0.09992752335777885,
766,139.0,140,0.29070987324709957,0.09992752335777885,
767,137.0,138,0.2902413848844384,0.09992752335777885,
768,29.0,30,0.28977365150592516,0.09992752335777885,
769,24.0,25,0.28930667189487846,0.09992752335777885,
770,72.0,73,0.2888404448365777,0.09992752335777885,
771,45.0,46,0.28837496911825977,0.09992752335777885,
772,100.0,101,0.287910243529116,0.09992752335777885,
773,83.0,84,0.2874462668602889,0.09992752335777885,
774,128.0,129,0.28698303790486923,0.09992752335777885,
775,65.0,66,0.2865205554578926,0.09992752335777885,
776,68.0,69,0.28605881831633656,0.09992752335777885,
777,37.0,38,0.2855978252791173,0.09992752335777885,
778,118.0,119,0.2851375751470866,0.09992752335777885,
779,73.0,74,0.28467806672302876,0.09992752335777885,
780,106.0,107,0.28421929881165736,0.09992752335777885,60.3
781,111.0,112,0.2837612702196123,0.09992752335777885,
782,34.0,35,0.2833039797554565,0.09992752335777885,
783,129.0,130,0.28284742622967307,0.09992752335777885,
784,39.0,40,0.28239160845466194,0.09992752335777885,
785,92.0,93,0.28193652524473695,0.09992752335777885,
786,86.0,87,0.2814821754161227,0.09992752335777885,
787,40.0,41,0.2810285577869515,0.09992752335777885,
788,58.0,59,0.2805756711772603,0.09992752335777885,
789,28.0,29,0.28012351440898753,0.09992752335777885,
790,94.0,95,0.2796720863059702,0.09992752335777885,
791,60.0,61,0.27922138569394056,0.09992752335777885,
792,85.0,86,0.27877141140052347,0.09992752335777885,
793,61.0,62,0.278322162255233,0.09992752335777885,
794,39.0,40,0.2778736370894694,0.09992752335777885,
795,65.0,66,0.2774258347365163,0.09992752335777885,
796,122.0,123,0.27697875403153743,0.09992752335777885,
797,72.0,73,0.27653239381157385,0.09992752335777885,
798,67.0,68,0.2760867529155406,0.09992752335777885,
799,105.0,106,0.27564183018422383,0.09992752335777885,
800,120.0,121,0.275197624460278,0.09992752335777885,90.4
801,115.0,116,0.27475413458822245,0.09992752335777885,
802,45.0,46,0.27431135941443874,0.09992752335777885,
803,182.0,183,0.2738692977871675,0.09992752335777885,
804,186.0,187,0.27342794855650543,0.09992752335777885,
805,58.0,59,0.27298731057440234,0.09992752335777885,
806,79.0,80,0.2725473826946582,0.09992752335777885,
807,69.0,70,0.27210816377292013,0.09992752335777885,
808,145.0,146,0.2716696526666793,0.09992752335777885,
809,118.0,119,0.2712318482352682,0.09992752335777885,
810,133.0,134,0.2707947493398575,0.09992752335777885,
811,114.0,115,0.270358354843453,0.09992752335777885,
812,131.0,132,0.26992266361089307,0.09992752335777885,
813,34.0,35,0.2694876745088452,0.09992752335777885,
814,102.0,103,0.26905338640580334,0.09992752335777885,
815,138.0,139,0.268619798172085,0.09992752335777885,
816,52.0,53,0.26818690867982803,0.09992752335777885,
817,100.0,101,0.26775471680298807,0.09992752335777885,
818,46.0,47,0.2673232214173353,0.09992752335777885,
819,69.0,70,0.26689242140045155,0.09992752335777885,
820,43.0,44,0.2664623156317277,0.09992752335777885,73.5
821,72.0,73,0.2660329029923602,0.09992752335777885,
822,122.0,123,0.2656041823653489,0.09992752335777885,
823,44.0,45,0.2651761526354933,0.09992752335777885,
824,132.0,133,0.26474881268939043,0.09992752335777885,
825,58.0,59,0.2643221614154314,0.09992752335777885,
826,56.0,57,0.2638961977037988,0.09992752335777885,
827,158.0,159,0.2634709204464637,0.09992752335777885,
828,154.0,155,0.2630463285371828,0.09992752335777885,
829,124.0,125,0.26262242087149557,0.09992752335777885,
830,62.0,63,0.2621991963467213,0.09992752335777885,
831,111.0,112,0.2617766538619563,0.09992752335777885,
832,132.0,133,0.26135479231807107,0.09992752335777885,
833,181.0,182,0.2609336106177073,0.09992752335777885,
834,25.0,26,0.26051310766527525,0.09992752335777885,
835,58.0,59,0.2600932823669506,0.09992752335777885,
836,191.0,192,0.25967413363067193,0.09992752335777885,
837,128.0,129,0.25925566036613756,0.09992752335777885,
838,156.0,157,0.2588378614848029,0.09992752335777885,
839,134.0,135,0.2584207358998777,0.09992752335777885,
840,80.0,81,0.25800428252632296,0.09992752335777885,98.9
841,173.0,174,0.25758850028084834,0.09992752335777885,
842,46.0,47,0.2571733880819092,0.09992752335777885,
843,33.0,34,0.2567589448497039,0.09992752335777885,
844,132.0,133,0.2563451695061709,0.09992752335777885,
845,74.0,75,0.25593206097498605,0.09992752335777885,
846,111.0,112,0.25551961818155966,0.09992752335777885,
847,33.0,34,0.2551078400530338,0.09992752335777885,
848,108.0,109,0.25469672551827943,0.09992752335777885,
849,100.0,101,0.25428627350789385,0.09992752335777885,
850,122.0,123,0.2538764829541975,0.09992752335777885,
851,69.0,70,0.2534673527912316,0.09992752335777885,
852,42.0,43,0.2530588819547551,0.09992752335777885,
853,60.0,61,0.2526510693822421,0.09992752335777885,
854,68.0,69,0.25224391401287877,0.09992752335777885,
855,59.0,60,0.2518374147875611,0.09992752335777885,
856,64.0,65,0.25143157064889177,0.09992752335777885,
857,53.0,54,0.2510263805411774,0.09992752335777885,
858,99.0,100,0.2506218434104259,0.09992752335777885,
859,92.0,93,0.25021795820434395,0.09992752335777885,
860,148.0,149,0.24981472387233372,0.09992752335777885,83.8
861,87.0,88,0.24941213936549064,0.09992752335777885,
862,47.0,48,0.24901020363660042,0.09992752335777885,
863,103.0,104,0.24860891564013643,0.09992752335777885,
864,48.0,49,0.2482082743322569,0.09992752335777885,
865,140.0,141,0.24780827867080224,0.09992752335777885,
866,90.0,91,0.24740892761529237,0.09992752335777885,
867,75.0,76,0.24701022012692397,0.09992752335777885,
868,21.0,22,0.2466121551685678,0.09992752335777885,
869,69.0,70,0.24621473170476593,0.09992752335777885,
870,106.0,107,0.24581794870172916,0.09992752335777885,
871,51.0,52,0.24542180512733425,0.09992752335777885,
872,90.0,91,0.24502629995112124,0.09992752335777885,
873,149.0,150,0.24463143214429084,0.09992752335777885,
874,55.0,56,0.24423720067970167,0.09992752335777885,
875,76.0,77,0.24384360453186762,0.09992752335777885,
876,81.0,82,0.2434506426769552,0.09992752335777885,
877,126.0,127,0.24305831409278086,0.09992752335777885,
878,150.0,151,0.24266661775880832,0.09992752335777885,
879,65.0,66,0.24227555265614595,0.09992752335777885,
880,95.0,96,0.24188511776754404,0.09992752335777885,85.9
881,79.0,80,0.24149531207739228,0.09992752335777885,
882,81.0,82,0.24110613457171698,0.09992752335777885,
883,57.0,58,0.24071758423817857,0.09992752335777885,
884,204.0,205,0.24032966006606887,0.09992752335777885,
885,142.0,143,0.23994236104630848,0.09992752335777885,
886,84.0,85,0.23955568617144418,0.09992752335777885,
887,111.0,112,0.2391696344356463,0.09992752335777885,
888,76.0,77,0.23878420483470603,0.09992752335777885,
889,73.0,74,0.23839939636603294,0.09992752335777885,
890,85.0,86,0.23801520802865234,0.09992752335777885,
891,116.0,117,0.23763163882320254,0.09992752335777885,
892,55.0,56,0.23724868775193245,0.09992752335777885,
893,118.0,119,0.23686635381869883,0.09992752335777885,
894,174.0,175,0.23648463602896377,0.09992752335777885,
895,81.0,82,0.23610353338979212,0.09992752335777885,
896,97.0,98,0.23572304490984883,0.09992752335777885,
897,139.0,140,0.23534316959939644,0.09992752335777885,
898,72.0,73,0.23496390647029247,0.09992752335777885,
899,119.0,120,0.23458525453598691,0.09992752335777885,
900,59.0,60,0.23420721281151957,0.09992752335777885,108.0
901,122.0,123,0.23382978031351756,0.09992752335777885,
902,163.0,164,0.2334529560601927,0.09992752335777885,
903,129.0,130,0.23307673907133905,0.09992752335777885,
904,126.0,127,0.23270112836833026,0.09992752335777885,
905,158.0,159,0.23232612297411712,0.09992752335777885,
906,99.0,100,0.23195172191322488,0.09992752335777885,
907,50.0,51,0.23157792421175089,0.09992752335777885,
908,153.0,154,0.2312047288973619,0.09992752335777885,
909,108.0,109,0.23083213499929167,0.09992752335777885,
910,99.0,100,0.23046014154833833,0.09992752335777885,
911,112.0,113,0.23008874757686193,0.09992752335777885,
912,59.0,60,0.2297179521187819,0.09992752335777885,
913,178.0,179,0.22934775420957457,0.09992752335777885,
914,77.0,78,0.2289781528862706,0.09992752335777885,
915,121.0,122,0.2286091471874525,0.09992752335777885,
916,100.0,101,0.22824073615325216,0.09992752335777885,
917,120.0,121,0.2278729188253483,0.09992752335777885,
918,56.0,57,0.22750569424696404,0.09992752335777885,
919,77.0,78,0.22713906146286436,0.09992752335777885,
920,67.0,68,0.2267730195193536,0.09992752335777885,119.6
921,134.0,135,0.2264075674642731,0.09992752335777885,
922,154.0,155,0.22604270434699852,0.09992752335777885,
923,91.0,92,0.22567842921843756,0.09992752335777885,
924,98.0,99,0.2253147411310274,0.09992752335777885,
925,83.0,84,0.22495163913873223,0.09992752335777885,
926,119.0,120,0.2245891222970408,0.09992752335777885,
927,95.0,96,0.22422718966296404,0.09992752335777885,
928,103.0,104,0.22386584029503243,0.09992752335777885,
929,140.0,141,0.22350507325329375,0.09992752335777885,
930,69.0,70,0.22314488759931048,0.09992752335777885,
931,84.0,85,0.22278528239615747,0.09992752335777885,
932,67.0,68,0.22242625670841942,0.09992752335777885,
933,77.0,78,0.2220678096021885,0.09992752335777885,
934,216.0,217,0.2217099401450619,0.09992752335777885,
935,100.0,101,0.2213526474061394,0.09992752335777885,
936,153.0,154,0.220995930456021,0.09992752335777885,
937,132.0,133,0.2206397883668044,0.09992752335777885,
938,126.0,127,0.22028422021208263,0.09992752335777885,
939,109.0,110,0.2199292250669417,0.09992752335777885,
940,209.0,210,0.21957480200795818,0.09992752335777885,119.2
941,104.0,105,0.2192209501131967,0.09992752335777885,
942,112.0,113,0.21886766846220765,0.09992752335777885,
943,151.0,152,0.21851495613602473,0.09992752335777885,
944,106.0,107,0.2181628122171626,0.09992752335777885,
945,50.0,51,0.2178112357896145,0.09992752335777885,
946,46.0,47,0.21746022593884984,0.09992752335777885,
947,207.0,208,0.21710978175181178,0.09992752335777885,
948,147.0,148,0.21675990231691494,0.09992752335777885,
949,124.0,125,0.21641058672404298,0.09992752335777885,
950,69.0,70,0.21606183406454624,0.09992752335777885,
951,134.0,135,0.21571364343123936,0.09992752335777885,
952,199.0,200,0.215366013918399,0.09992752335777885,
953,73.0,74,0.21501894462176133,0.09992752335777885,
954,80.0,81,0.21467243463851987,0.09992752335777885,
955,95.0,96,0.21432648306732296,0.09992752335777885,
956,205.0,206,0.21398108900827156,0.09992752335777885,
957,79.0,80,0.2136362515629168,0.09992752335777885,
958,65.0,66,0.2132919698342577,0.09992752335777885,
959,53.0,54,0.21294824292673883,0.09992752335777885,
960,160.0,161,0.212605069946248,0.09992752335777885,107.7
961,164.0,165,0.21226245000011387,0.09992752335777885,
962,132.0,133,0.2119203821971037,0.09992752335777885,
963,96.0,97,0.21157886564742098,0.09992752335777885,
964,131.0,132,0.21123789946270316,0.09992752335777885,
965,40.0,41,0.21089748275601927,0.09992752335777885,
966,67.0,68,0.21055761464186773,0.09992752335777885,
967,100.0,101,0.21021829423617389,0.09992752335777885,
968,123.0,124,0.20987952065628787,0.09992752335777885,
969,28.0,29,0.2095412930209822,0.09992752335777885,
970,87.0,88,0.20920361045044955,0.09992752335777885,
971,138.0,139,0.20886647206630038,0.09992752335777885,
972,120.0,121,0.20852987699156075,0.09992752335777885,
973,95.0,96,0.20819382435066996,0.09992752335777885,
974,70.0,71,0.20785831326947835,0.09992752335777885,
975,152.0,153,0.20752334287524493,0.09992752335777885,
976,92.0,93,0.2071889122966352,0.09992752335777885,
977,85.0,86,0.20685502066371877,0.09992752335777885,
978,106.0,107,0.2065216671079673,0.09992752335777885,
979,171.0,172,0.20618885076225196,0.09992752335777885,
980,73.0,74,0.20585657076084146,0.09992752335777885,95.5
981,61.0,62,0.20552482623939958,0.09992752335777885,
982,85.0,86,0.20519361633498304,0.09992752335777885,
983,152.0,153,0.2048629401860392,0.09992752335777885,
984,88.0,89,0.2045327969324039,0.09992752335777885,
985,56.0,57,0.20420318571529905,0.09992752335777885,
986,105.0,106,0.2038741056773306,0.09992752335777885,
987,79.0,80,0.20354555596248622,0.09992752335777885,
988,55.0,56,0.20321753571613302,0.09992752335777885,
989,106.0,107,0.2028900440850154,0.09992752335777885,
990,93.0,94,0.20256308021725283,0.09992752335777885,
991,166.0,167,0.2022366432623376,0.09992752335777885,
992,77.0,78,0.20191073237113255,0.09992752335777885,
993,82.0,83,0.20158534669586908,0.09992752335777885,
994,125.0,126,0.20126048539014468,0.09992752335777885,
995,113.0,114,0.20093614760892087,0.09992752335777885,
996,167.0,168,0.20061233250852098,0.09992752335777885,
997,101.0,102,0.200289039246628,0.09992752335777885,
998,67.0,68,0.19996626698228226,0.09992752335777885,
999,91.0,92,0.19964401487587938,0.09992752335777885,
1000,68.0,69,0.199322282089168,0.09992752335777885,90.4
1001,213.0,214,0.19900106778524765,0.09992752335777885,
1002,31.0,32,0.19868037112856654,0.09992752335777885,
1003,71.0,72,0.1983601912849194,0.09992752335777885,
1004,88.0,89,0.19804052742144534,0.09992752335777885,
1005,127.0,128,0.1977213787066256,0.09992752335777885,
1006,59.0,60,0.19740274431028143,0.09992752335777885,
1007,145.0,146,0.19708462340357202,0.09992752335777885,
1008,109.0,110,0.1967670151589922,0.09992752335777885,
1009,75.0,76,0.19644991875037038,0.09992752335777885,
1010,30.0,31,0.19613333335286634,0.09992752335777885,
1011,36.0,37,0.19581725814296916,0.09992752335777885,
1012,197.0,198,0.19550169229849498,0.09992752335777885,
1013,103.0,104,0.195186634998585,0.09992752335777885,
1014,68.0,69,0.19487208542370316,0.09992752335777885,
1015,96.0,97,0.19455804275563415,0.09992752335777885,
1016,140.0,141,0.1942445061774813,0.09992752335777885,
1017,92.0,93,0.1939314748736643,0.09992752335777885,
1018,89.0,90,0.19361894802991722,0.09992752335777885,
1019,130.0,131,0.19330692483328635,0.09992752335777885,
1020,188.0,189,0.19299540447212807,0.09992752335777885,131.9
1021,223.0,224,0.19268438613610678,0.09992752335777885,
1022,208.0,209,0.1923738690161927,0.09992752335777885,
1023,204.0,205,0.19206385230465986,0.09992752335777885,
1024,117.0,118,0.191754335195084,0.09992752335777885,
1025,181.0,182,0.1914453168823404,0.09992752335777885,
1026,109.0,110,0.19113679656260182,0.09992752335777885,
1027,68.0,69,0.19082877343333646,0.09992752335777885,
1028,77.0,78,0.19052124669330575,0.09992752335777885,
1029,78.0,79,0.1902142155425624,0.09992752335777885,
1030,142.0,143,0.18990767918244825,0.09992752335777885,
1031,102.0,103,0.1896016368155922,0.09992752335777885,
1032,154.0,155,0.18929608764590813,0.09992752335777885,
1033,108.0,109,0.18899103087859284,0.09992752335777885,
1034,100.0,101,0.188686465720124,0.09992752335777885,
1035,69.0,70,0.18838239137825807,0.09992752335777885,
1036,145.0,146,0.1880788070620282,0.09992752335777885,
1037,177.0,178,0.18777571198174223,0.09992752335777885,
1038,169.0,170,0.18747310534898062,0.09992752335777885,
1039,72.0,73,0.18717098637659438,0.09992752335777885,
1040,215.0,216,0.18686935427870305,0.09992752335777885,143.0
1041,148.0,149,0.18656820827069262,0.09992752335777885,
1042,157.0,158,0.18626754756921354,0.09992752335777885,
1043,137.0,138,0.18596737139217864,0.09992752335777885,
1044,166.0,167,0.18566767895876113,0.09992752335777885,
1045,104.0,105,0.18536846948939248,0.09992752335777885,
1046,136.0,137,0.18506974220576053,0.09992752335777885,
1047,90.0,91,0.1847714963308074,0.09992752335777885,
1048,83.0,84,0.18447373108872736,0.09992752335777885,
1049,97.0,98,0.18417644570496505,0.09992752335777885,
1050,87.0,88,0.18387963940621327,0.09992752335777885,
1051,130.0,131,0.183583311420411,0.09992752335777885,
1052,146.0,147,0.1832874609767415,0.09992752335777885,
1053,104.0,105,0.18299208730563013,0.09992752335777885,
1054,59.0,60,0.1826971896387425,0.09992752335777885,
1055,156.0,157,0.18240276720898246,0.09992752335777885,
1056,98.0,99,0.18210881925048994,0.09992752335777885,
1057,220.0,221,0.1818153449986392,0.09992752335777885,
1058,137.0,138,0.1815223436900366,0.09992752335777885,
1059,114.0,115,0.18122981456251888,0.09992752335777885,
1060,92.0,93,0.1809377568551509,0.09992752335777885,117.1
1061,167.0,168,0.18064616980822387,0.09992752335777885,
1062,274.0,275,0.18035505266325325,0.09992752335777885,
1063,77.0,78,0.18006440466297685,0.09992752335777885,
1064,102.0,103,0.17977422505135282,0.09992752335777885,
1065,32.0,33,0.1794845130735577,0.09992752335777885,
1066,216.0,217,0.17919526797598445,0.09992752335777885,
1067,36.0,37,0.17890648900624048,0.09992752335777885,
1068,97.0,98,0.17861817541314573,0.09992752335777885,
1069,227.0,228,0.17833032644673066,0.09992752335777885,
1070,186.0,187,0.1780429413582344,0.09992752335777885,
1071,95.0,96,0.17775601940010263,0.09992752335777885,
1072,175.0,176,0.1774695598259858,0.09992752335777885,
1073,214.0,215,0.17718356189073714,0.09992752335777885,
1074,92.0,93,0.17689802485041065,0.09992752335777885,
1075,101.0,102,0.17661294796225926,0.09992752335777885,
1076,92.0,93,0.1763283304847329,0.09992752335777885,
1077,65.0,66,0.17604417167747646,0.09992752335777885,
1078,117.0,118,0.17576047080132795,0.09992752335777885,
1079,105.0,106,0.17547722711831662,0.09992752335777885,
1080,59.0,60,0.17519443989166092,0.09992752335777885,90.5
1081,68.0,69,0.17491210838576665,0.09992752335777885,
1082,60.0,61,0.1746302318662251,0.09992752335777885,
1083,70.0,71,0.174348809599811,0.09992752335777885,
1084,59.0,60,0.1740678408544808,0.09992752335777885,
1085,105.0,106,0.17378732489937057,0.09992752335777885,
1086,72.0,73,0.17350726100479424,0.09992752335777885,
1087,92.0,93,0.17322764844224164,0.09992752335777885,
1088,211.0,212,0.17294848648437663,0.09992752335777885,
1089,283.0,284,0.17266977440503517,0.09992752335777885,
1090,249.0,250,0.17239151147922346,0.09992752335777885,
1091,153.0,154,0.17211369698311607,0.09992752335777885,
1092,114.0,115,0.17183633019405403,0.09992752335777885,
1093,78.0,79,0.17155941039054295,0.09992752335777885,
1094,183.0,184,0.17128293685225118,0.09992752335777885,
1095,130.0,131,0.17100690886000786,0.09992752335777885,
1096,108.0,109,0.17073132569580113,0.09992752335777885,
1097,160.0,161,0.17045618664277623,0.09992752335777885,
1098,117.0,118,0.17018149098523364,0.09992752335777885,
1099,251.0,252,0.16990723800862717,0.09992752335777885,
1100,67.0,68,0.1696334269995622,0.09992752335777885,73.7
1101,61.0,62,0.1693600572457937,0.09992752335777885,
1102,68.0,69,0.16908712803622453,0.09992752335777885,
1103,116.0,117,0.16881463866090346,0.09992752335777885,
1104,81.0,82,0.16854258841102338,0.09992752335777885,
1105,63.0,64,0.1682709765789194,0.09992752335777885,
1106,88.0,89,0.16799980245806714,0.09992752335777885,
1107,128.0,129,0.16772906534308074,0.09992752335777885,
1108,68.0,69,0.16745876452971112,0.09992752335777885,
1109,45.0,46,0.16718889931484412,0.09992752335777885,
1110,71.0,72,0.16691946899649868,0.09992752335777885,
1111,142.0,143,0.16665047287382495,0.09992752335777885,
1112,167.0,168,0.16638191024710258,0.09992752335777885,
1113,160.0,161,0.16611378041773883,0.09992752335777885,
1114,152.0,153,0.16584608268826675,0.09992752335777885,
1115,102.0,103,0.1655788163623434,0.09992752335777885,
1116,51.0,52,0.165311980744748,0.09992752335777885,
1117,193.0,194,0.16504557514138019,0.09992752335777885,
1118,119.0,120,0.16477959885925808,0.09992752335777885,
1119,79.0,80,0.1645140512065166,0.09992752335777885,
1120,81.0,82,0.1642489314924057,0.09992752335777885,131.6
1121,157.0,158,0.16398423902728834,0.09992752335777885,
1122,154.0,155,0.16371997312263903,0.09992752335777885,
1123,154.0,155,0.16345613309104176,0.09992752335777885,
1124,58.0,59,0.16319271824618833,0.09992752335777885,
1125,43.0,44,0.16292972790287655,0.09992752335777885,
1126,84.0,85,0.16266716137700846,0.09992752335777885,
1127,115.0,116,0.1624050179855885,0.09992752335777885,
1128,135.0,136,0.1621432970467219,0.09992752335777885,
1129,140.0,141,0.16188199787961266,0.09992752335777885,
1130,61.0,62,0.16162111980456195,0.09992752335777885,
1131,86.0,87,0.16136066214296632,0.09992752335777885,
1132,76.0,77,0.16110062421731589,0.09992752335777885,
1133,205.0,206,0.16084100535119258,0.09992752335777885,
1134,75.0,76,0.16058180486926843,0.09992752335777885,
1135,95.0,96,0.16032302209730379,0.09992752335777885,
1136,70.0,71,0.1600646563621455,0.09992752335777885,
1137,126.0,127,0.1598067069917253,0.09992752335777885,
1138,61.0,62,0.15954917331505794,0.09992752335777885,
1139,85.0,86,0.1592920546622395,0.09992752335777885,
1140,224.0,225,0.15903535036444563,0.09992752335777885,114.0
1141,170.0,171,0.15877905975392978,0.09992752335777885,
1142,69.0,70,0.15852318216402153,0.09992752335777885,
1143,164.0,165,0.15826771692912484,0.09992752335777885,
1144,131.0,132,0.15801266338471623,0.09992752335777885,
1145,240.0,241,0.1577580208673432,0.09992752335777885,
1146,119.0,120,0.15750378871462237,0.09992752335777885,
1147,154.0,155,0.15724996626523785,0.09992752335777885,
1148,94.0,95,0.15699655285893946,0.09992752335777885,
1149,158.0,159,0.15674354783654101,0.09992752335777885,
1150,113.0,114,0.15649095053991866,0.09992752335777885,
1151,137.0,138,0.15623876031200912,0.09992752335777885,
1152,88.0,89,0.155986976496808,0.09992752335777885,
1153,151.0,152,0.1557355984393681,0.09992752335777885,
1154,78.0,79,0.15548462548579764,0.09992752335777885,
1155,112.0,113,0.15523405698325865,0.09992752335777885,
1156,139.0,140,0.1549838922799652,0.09992752335777885,
1157,228.0,229,0.15473413072518175,0.09992752335777885,
1158,80.0,81,0.15448477166922142,0.09992752335777885,
1159,112.0,113,0.15423581446344437,0.09992752335777885,
1160,199.0,200,0.15398725846025602,0.09992752335777885,134.0
1161,100.0,101,0.15373910301310542,0.09992752335777885,
1162,87.0,88,0.15349134747648358,0.09992752335777885,
1163,306.0,307,0.15324399120592172,0.09992752335777885,
1164,98.0,99,0.1529970335579897,0.09992752335777885,
1165,108.0,109,0.15275047389029422,0.09992752335777885,
1166,91.0,92,0.15250431156147728,0.09992752335777885,
1167,110.0,111,0.15225854593121443,0.09992752335777885,
1168,140.0,141,0.15201317636021314,0.09992752335777885,
1169,118.0,119,0.15176820221021106,0.09992752335777885,
1170,109.0,110,0.1515236228439745,0.09992752335777885,
1171,185.0,186,0.1512794376252966,0.09992752335777885,
1172,122.0,123,0.15103564591899588,0.09992752335777885,
1173,137.0,138,0.15079224709091438,0.09992752335777885,
1174,226.0,227,0.15054924050791615,0.09992752335777885,
1175,93.0,94,0.1503066255378856,0.09992752335777885,
1176,100.0,101,0.1500644015497257,0.09992752335777885,
1177,186.0,187,0.14982256791335655,0.09992752335777885,
1178,216.0,217,0.14958112399971363,0.09992752335777885,
1179,153.0,154,0.14934006918074613,0.09992752335777885,
1180,102.0,103,0.14909940282941542,0.09992752335777885,120.5
1181,122.0,123,0.14885912431969334,0.09992752335777885,
1182,74.0,75,0.14861923302656058,0.09992752335777885,
1183,63.0,64,0.14837972832600507,0.09992752335777885,
1184,84.0,85,0.1481406095950204,0.09992752335777885,
1185,143.0,144,0.1479018762116041,0.09992752335777885,
1186,204.0,205,0.14766352755475615,0.09992752335777885,
1187,95.0,96,0.14742556300447718,0.09992752335777885,
1188,199.0,200,0.14718798194176708,0.09992752335777885,
1189,52.0,53,0.1469507837486232,0.09992752335777885,
1190,140.0,141,0.14671396780803886,0.09992752335777885,
1191,120.0,121,0.1464775335040017,0.09992752335777885,
1192,108.0,109,0.14624148022149205,0.09992752335777885,
1193,111.0,112,0.14600580734648144,0.09992752335777885,
1194,168.0,169,0.14577051426593088,0.09992752335777885,
1195,186.0,187,0.1455356003677893,0.09992752335777885,
1196,148.0,149,0.14530106504099197,0.09992752335777885,
1197,121.0,122,0.14506690767545896,0.09992752335777885,
1198,120.0,121,0.14483312766209344,0.09992752335777885,
1199,113.0,114,0.1445997243927802,0.09992752335777885,
1200,171.0,172,0.14436669726038404,0.09992752335777885,185.8
1201,201.0,202,0.1441340456587481,0.09992752335777885,
1202,159.0,160,0.14390176898269244,0.09992752335777885,
1203,86.0,87,0.14366986662801237,0.09992752335777885,
1204,93.0,94,0.14343833799147687,0.09992752335777885,
1205,266.0,267,0.1432071824708271,0.09992752335777885,
1206,76.0,77,0.1429763994647747,0.09992752335777885,
1207,106.0,107,0.14274598837300037,0.09992752335777885,
1208,78.0,79,0.14251594859615221,0.09992752335777885,
1209,151.0,152,0.14228627953584425,0.09992752335777885,
1210,122.0,123,0.14205698059465474,0.09992752335777885,
1211,149.0,150,0.14182805117612476,0.09992752335777885,
1212,133.0,134,0.14159949068475663,0.09992752335777885,
1213,140.0,141,0.14137129852601227,0.09992752335777885,
1214,75.0,76,0.14114347410631173,0.09992752335777885,
1215,85.0,86,0.14091601683303168,0.09992752335777885,
1216,142.0,143,0.14068892611450376,0.09992752335777885,
1217,170.0,171,0.14046220136001317,0.09992752335777885,
1218,159.0,160,0.140235841979797,0.09992752335777885,
1219,158.0,159,0.1400098473850428,0.09992752335777885,
1220,138.0,139,0.13978421698788698,0.09992752335777885,91.6
1221,71.0,72,0.13955895020141337,0.09992752335777885,
1222,85.0,86,0.13933404643965155,0.09992752335777885,
1223,131.0,132,0.1391095051175755,0.09992752335777885,
1224,104.0,105,0.13888532565110193,0.09992752335777885,
1225,207.0,208,0.1386615074570888,0.09992752335777885,
1226,112.0,113,0.1384380499533339,0.09992752335777885,
1227,99.0,100,0.1382149525585732,0.09992752335777885,
1228,68.0,69,0.13799221469247938,0.09992752335777885,
1229,122.0,123,0.13776983577566043,0.09992752335777885,
1230,240.0,241,0.13754781522965795,0.09992752335777885,
1231,76.0,77,0.13732615247694577,0.09992752335777885,
1232,95.0,96,0.13710484694092842,0.09992752335777885,
1233,104.0,105,0.13688389804593967,0.09992752335777885,
1234,164.0,165,0.13666330521724096,0.09992752335777885,
1235,163.0,164,0.13644306788101995,0.09992752335777885,
1236,217.0,218,0.13622318546438902,0.09992752335777885,
1237,123.0,124,0.13600365739538375,0.09992752335777885,
1238,129.0,130,0.1357844831029615,0.09992752335777885,
1239,149.0,150,0.13556566201699988,0.09992752335777885,
1240,265.0,266,0.13534719356829522,0.09992752335777885,143.6
1241,117.0,118,0.1351290771885612,0.09992752335777885,
1242,132.0,133,0.13491131231042727,0.09992752335777885,
1243,142.0,143,0.13469389836743725,0.09992752335777885,
1244,121.0,122,0.1344768347940478,0.09992752335777885,
1245,101.0,102,0.13426012102562696,0.09992752335777885,
1246,94.0,95,0.13404375649845274,0.09992752335777885,
1247,111.0,112,0.13382774064971156,0.09992752335777885,
1248,210.0,211,0.13361207291749685,0.09992752335777885,
1249,112.0,113,0.1333967527408076,0.09992752335777885,
1250,138.0,139,0.13318177955954677,0.09992752335777885,
1251,146.0,147,0.13296715281452007,0.09992752335777885,
1252,119.0,120,0.13275287194743426,0.09992752335777885,
1253,143.0,144,0.1325389364008959,0.09992752335777885,
1254,165.0,166,0.13232534561840972,0.09992752335777885,
1255,154.0,155,0.13211209904437732,0.09992752335777885,
1256,128.0,129,0.13189919612409562,0.09992752335777885,
1257,84.0,85,0.13168663630375552,0.09992752335777885,
1258,172.0,173,0.13147441903044033,0.09992752335777885,
1259,184.0,185,0.13126254375212446,0.09992752335777885,
1260,184.0,185,0.1310510099176719,0.09992752335777885,131.5
1261,84.0,85,0.13083981697683486,0.09992752335777885,
1262,133.0,134,0.1306289643802522,0.09992752335777885,
1263,137.0,138,0.13041845157944817,0.09992752335777885,
1264,184.0,185,0.1302082780268309,0.09992752335777885,
1265,139.0,140,0.12999844317569095,0.09992752335777885,
1266,139.0,140,0.12978894648019992,0.09992752335777885,
1267,90.0,91,0.12957978739540907,0.09992752335777885,
1268,133.0,134,0.12937096537724782,0.09992752335777885,
1269,257.0,258,0.1291624798825224,0.09992752335777885,
1270,165.0,166,0.12895433036891443,0.09992752335777885,
1271,135.0,136,0.12874651629497946,0.09992752335777885,
1272,202.0,203,0.1285390371201456,0.09992752335777885,
1273,131.0,132,0.12833189230471215,0.09992752335777885,
1274,134.0,135,0.12812508130984807,0.09992752335777885,
1275,108.0,109,0.12791860359759075,0.09992752335777885,
1276,177.0,178,0.12771245863084446,0.09992752335777885,
1277,189.0,190,0.1275066458733791,0.09992752335777885,
1278,137.0,138,0.1273011647898286,0.09992752335777885,
1279,109.0,110,0.1270960148456898,0.09992752335777885,
1280,243.0,244,0.12689119550732078,0.09992752335777885,153.5
1281,265.0,266,0.12668670624193965,0.09992752335777885,
1282,106.0,107,0.1264825465176231,0.09992752335777885,
1283,102.0,103,0.1262787158033051,0.09992752335777885,
1284,118.0,119,0.12607521356877535,0.09992752335777885,
1285,244.0,245,0.12587203928467808,0.09992752335777885,
1286,140.0,141,0.12566919242251054,0.09992752335777885,
1287,248.0,249,0.1254666724546217,0.09992752335777885,
1288,155.0,156,0.12526447885421085,0.09992752335777885,
1289,107.0,108,0.12506261109532626,0.09992752335777885,
1290,146.0,147,0.12486106865286378,0.09992752335777885,
1291,123.0,124,0.12465985100256546,0.09992752335777885,
1292,247.0,248,0.12445895762101823,0.09992752335777885,
1293,120.0,121,0.12425838798565252,0.09992752335777885,
1294,134.0,135,0.12405814157474086,0.09992752335777885,
1295,98.0,99,0.1238582178673966,0.09992752335777885,
1296,112.0,113,0.12365861634357253,0.09992752335777885,
1297,99.0,100,0.12345933648405946,0.09992752335777885,
1298,125.0,126,0.12326037777048496,0.09992752335777885,
1299,267.0,268,0.12306173968531195,0.09992752335777885,
1300,236.0,237,0.12286342171183741,0.09992752335777885,153.7
1301,73.0,74,0.12266542333419098,0.09992752335777885,
1302,152.0,153,0.12246774403733364,0.09992752335777885,
1303,123.0,124,0.12227038330705638,0.09992752335777885,
1304,116.0,117,0.12207334062997885,0.09992752335777885,
1305,68.0,69,0.12187661549354804,0.09992752335777885,
1306,164.0,165,0.12168020738603694,0.09992752335777885,
1307,201.0,202,0.12148411579654317,0.09992752335777885,
1308,140.0,141,0.12128834021498772,0.09992752335777885,
1309,85.0,86,0.12109288013211357,0.09992752335777885,
1310,81.0,82,0.12089773503948441,0.09992752335777885,
1311,107.0,108,0.12070290442948325,0.09992752335777885,
1312,73.0,74,0.12050838779531119,0.09992752335777885,
1313,89.0,90,0.12031418463098599,0.09992752335777885,
1314,130.0,131,0.12012029443134088,0.09992752335777885,
1315,177.0,178,0.11992671669202316,0.09992752335777885,
1316,105.0,106,0.1197334509094929,0.09992752335777885,
1317,69.0,70,0.11954049658102164,0.09992752335777885,
1318,119.0,120,0.1193478532046911,0.09992752335777885,
1319,183.0,184,0.11915552027939184,0.09992752335777885,
1320,132.0,133,0.118963497304822,0.09992752335777885,137.8
1321,234.0,235,0.11877178378148594,0.09992752335777885,
1322,143.0,144,0.11858037921069299,0.09992752335777885,
1323,183.0,184,0.11838928309455614,0.09992752335777885,
1324,229.0,230,0.11819849493599073,0.09992752335777885,
1325,161.0,162,0.11800801423871318,0.09992752335777885,
1326,155.0,156,0.11781784050723967,0.09992752335777885,
1327,119.0,120,0.1176279732468849,0.09992752335777885,
1328,113.0,114,0.11743841196376073,0.09992752335777885,
1329,106.0,107,0.11724915616477496,0.09992752335777885,
1330,70.0,71,0.11706020535763004,0.09992752335777885,
1331,122.0,123,0.11687155905082174,0.09992752335777885,
1332,163.0,164,0.11668321675363791,0.09992752335777885,
1333,209.0,210,0.11649517797615723,0.09992752335777885,
1334,192.0,193,0.11630744222924787,0.09992752335777885,
1335,84.0,85,0.11612000902456626,0.09992752335777885,
1336,224.0,225,0.11593287787455582,0.09992752335777885,
1337,252.0,253,0.11574604829244568,0.09992752335777885,
1338,117.0,118,0.11555951979224942,0.09992752335777885,
1339,263.0,264,0.11537329188876379,0.09992752335777885,
1340,79.0,80,0.11518736409756747,0.09992752335777885,159.0
1341,76.0,77,0.1150017359350198,0.09992752335777885,
1342,97.0,98,0.11481640691825953,0.09992752335777885,
1343,85.0,86,0.11463137656520354,0.09992752335777885,
1344,195.0,196,0.11444664439454562,0.09992752335777885,
1345,174.0,175,0.11426220992575518,0.09992752335777885,
1346,163.0,164,0.11407807267907605,0.09992752335777885,
1347,108.0,109,0.11389423217552516,0.09992752335777885,
1348,205.0,206,0.11371068793689137,0.09992752335777885,
1349,183.0,184,0.1135274394857342,0.09992752335777885,
1350,115.0,116,0.11334448634538255,0.09992752335777885,
1351,70.0,71,0.11316182803993352,0.09992752335777885,
1352,150.0,151,0.11297946409425112,0.09992752335777885,
1353,102.0,103,0.11279739403396506,0.09992752335777885,
1354,107.0,108,0.11261561738546953,0.09992752335777885,
1355,130.0,131,0.11243413367592194,0.09992752335777885,
1356,137.0,138,0.11225294243324169,0.09992752335777885,
1357,238.0,239,0.11207204318610897,0.09992752335777885,
1358,176.0,177,0.11189143546396352,0.09992752335777885,
1359,104.0,105,0.11171111879700339,0.09992752335777885,
1360,188.0,189,0.11153109271618374,0.09992752335777885,123.7
1361,127.0,128,0.11135135675321559,0.09992752335777885,
1362,212.0,213,0.11117191044056465,0.09992752335777885,
1363,48.0,49,0.11099275331145007,0.09992752335777885,
1364,106.0,107,0.11081388489984323,0.09992752335777885,
1365,313.0,314,0.11063530474046653,0.09992752335777885,
1366,154.0,155,0.11045701236879216,0.09992752335777885,
1367,166.0,167,0.11027900732104094,0.09992752335777885,
1368,160.0,161,0.11010128913418109,0.09992752335777885,
1369,136.0,137,0.10992385734592698,0.09992752335777885,
1370,78.0,79,0.10974671149473803,0.09992752335777885,
1371,106.0,107,0.10956985111981737,0.09992752335777885,
1372,172.0,173,0.1093932757611108,0.09992752335777885,
1373,143.0,144,0.10921698495930544,0.09992752335777885,
1374,50.0,51,0.10904097825582866,0.09992752335777885,
1375,198.0,199,0.10886525519284682,0.09992752335777885,
1376,251.0,252,0.10868981531326406,0.09992752335777885,
1377,207.0,208,0.10851465816072121,0.09992752335777885,
1378,177.0,178,0.10833978327959448,0.09992752335777885,
1379,199.0,200,0.10816519021499436,0.09992752335777885,
1380,140.0,141,0.10799087851276441,0.09992752335777885,194.7
1381,45.0,46,0.10781684771948007,0.09992752335777885,
1382,121.0,122,0.10764309738244747,0.09992752335777885,
1383,97.0,98,0.10746962704970231,0.09992752335777885,
1384,152.0,153,0.10729643627000861,0.09992752335777885,
1385,221.0,222,0.1071235245928576,0.09992752335777885,
1386,69.0,70,0.10695089156846649,0.09992752335777885,
1387,202.0,203,0.10677853674777736,0.09992752335777885,
1388,112.0,113,0.10660645968245595,0.09992752335777885,
1389,168.0,169,0.1064346599248905,0.09992752335777885,
1390,226.0,227,0.10626313702819058,0.09992752335777885,
1391,133.0,134,0.10609189054618595,0.09992752335777885,
1392,113.0,114,0.1059209200334254,0.09992752335777885,
1393,46.0,47,0.10575022504517557,0.09992752335777885,
1394,82.0,83,0.1055798051374198,0.09992752335777885,
1395,129.0,130,0.10540965986685696,0.09992752335777885,
1396,104.0,105,0.10523978879090036,0.09992752335777885,
1397,138.0,139,0.1050701914676765,0.09992752335777885,
1398,173.0,174,0.104900867456024,0.09992752335777885,
1399,114.0,115,0.10473181631549244,0.09992752335777885,
1400,88.0,89,0.10456303760634117,0.09992752335777885,127.7
1401,167.0,168,0.1043945308895382,0.09992752335777885,
1402,113.0,114,0.1042262957267591,0.09992752335777885,
1403,105.0,106,0.10405833168038574,0.09992752335777885,
1404,158.0,159,0.10389063831350528,0.09992752335777885,
1405,146.0,147,0.10372321518990897,0.09992752335777885,
1406,165.0,166,0.10355606187409101,0.09992752335777885,
1407,203.0,204,0.10338917793124744,0.09992752335777885,
1408,221.0,222,0.103222562927275,0.09992752335777885,
1409,88.0,89,0.10305621642877,0.09992752335777885,
1410,86.0,87,0.1028901380030272,0.09992752335777885,
1411,131.0,132,0.10272432721803866,0.09992752335777885,
1412,131.0,132,0.10255878364249266,0.09992752335777885,
1413,246.0,247,0.10239350684577254,0.09992752335777885,
1414,186.0,187,0.1022284963979556,0.09992752335777885,
1415,144.0,145,0.10206375186981197,0.09992752335777885,
1416,326.0,327,0.10189927283280348,0.09992752335777885,
1417,95.0,96,0.10173505885908259,0.09992752335777885,
1418,132.0,133,0.10157110952149123,0.09992752335777885,
1419,72.0,73,0.10140742439355974,0.09992752335777885,
1420,224.0,225,0.10124400304950568,0.09992752335777885,108.6
1421,63.0,64,0.10108084506423282,0.09992752335777885,
1422,105.0,106,0.10091795001332995,0.09992752335777885,
1423,66.0,67,0.10075531747306986,0.09992752335777885,
1424,128.0,129,0.10059294702040814,0.09992752335777885,
1425,101.0,102,0.10043083823298214,0.09992752335777885,
1426,60.0,61,0.10026899068910988,0.09992752335777885,
1427,300.0,301,0.10010740396778893,0.09992752335777885,
1428,82.0,83,0.0999460776486953,0.09992752335777885,
1429,153.0,154,0.09978501131218238,0.09992752335777885,
1430,88.0,89,0.09962420453927985,0.09992752335777885,
1431,13.0,14,0.09946365691169254,0.09992752335777885,
1432,132.0,133,0.0993033680117994,0.09992752335777885,
1433,100.0,101,0.09914333742265238,0.09992752335777885,
1434,189.0,190,0.09898356472797537,0.09992752335777885,
1435,295.0,296,0.09882404951216309,0.09992752335777885,
1436,232.0,233,0.09866479136028,0.09992752335777885,
1437,70.0,71,0.09850578985805929,0.09992752335777885,
1438,119.0,120,0.0983470445919017,0.09992752335777885,
1439,98.0,99,0.09818855514887456,0.09992752335777885,
1440,167.0,168,0.0980303211167106,0.09992752335777885,126.9
1441,121.0,122,0.09787234208380696,0.09992752335777885,
1442,170.0,171,0.0977146176392241,0.09992752335777885,
1443,147.0,148,0.09755714737268467,0.09992752335777885,
1444,139.0,140,0.09739993087457256,0.09992752335777885,
1445,206.0,207,0.09724296773593175,0.09992752335777885,
1446,82.0,83,0.09708625754846523,0.09992752335777885,
1447,180.0,181,0.09692979990453403,0.09992752335777885,
1448,72.0,73,0.09677359439715605,0.09992752335777885,
1449,144.0,145,0.0966176406200051,0.09992752335777885,
1450,135.0,136,0.09646193816740976,0.09992752335777885,
1451,173.0,174,0.0963064866343524,0.09992752335777885,
1452,136.0,137,0.09615128561646806,0.09992752335777885,
1453,161.0,162,0.09599633471004344,0.09992752335777885,
1454,136.0,137,0.09584163351201583,0.09992752335777885,
1455,216.0,217,0.09568718161997207,0.09992752335777885,
1456,92.0,93,0.0955329786321475,0.09992752335777885,
1457,128.0,129,0.09537902414742494,0.09992752335777885,
1458,213.0,214,0.09522531776533359,0.09992752335777885,
1459,89.0,90,0.09507185908604804,0.09992752335777885,
1460,299.0,300,0.0949186477103872,0.09992752335777885,125.7
1461,103.0,104,0.0947656832398133,0.09992752335777885,
1462,145.0,146,0.09461296527643077,0.09992752335777885,
1463,287.0,288,0.09446049342298533,0.09992752335777885,
1464,230.0,231,0.09430826728286286,0.09992752335777885,
1465,150.0,151,0.09415628646008838,0.09992752335777885,
1466,96.0,97,0.09400455055932505,0.09992752335777885,
1467,73.0,74,0.09385305918587313,0.09992752335777885,
1468,126.0,127,0.09370181194566894,0.09992752335777885,
1469,263.0,264,0.09355080844528388,0.09992752335777885,
1470,166.0,167,0.09340004829192333,0.09992752335777885,
1471,158.0,159,0.0932495310934257,0.09992752335777885,
1472,111.0,112,0.09309925645826135,0.09992752335777885,
1473,307.0,308,0.09294922399553164,0.09992752335777885,
1474,203.0,204,0.09279943331496786,0.09992752335777885,
1475,125.0,126,0.09264988402693022,0.09992752335777885,
1476,146.0,147,0.09250057574240687,0.09992752335777885,
1477,122.0,123,0.09235150807301286,0.09992752335777885,
1478,86.0,87,0.0922026806309891,0.09992752335777885,
1479,123.0,124,0.09205409302920144,0.09992752335777885,
1480,201.0,202,0.09190574488113956,0.09992752335777885,140.9
1481,181.0,182,0.09175763580091606,0.09992752335777885,
1482,135.0,136,0.09160976540326538,0.09992752335777885,
1483,89.0,90,0.09146213330354282,0.09992752335777885,
1484,139.0,140,0.09131473911772356,0.09992752335777885,
1485,100.0,101,0.09116758246240167,0.09992752335777885,
1486,108.0,109,0.09102066295478907,0.09992752335777885,
1487,174.0,175,0.09087398021271455,0.09992752335777885,
1488,156.0,157,0.09072753385462277,0.09992752335777885,
1489,173.0,174,0.09058132349957333,0.09992752335777885,
1490,117.0,118,0.09043534876723967,0.09992752335777885,
1491,22.0,23,0.09028960927790818,0.09992752335777885,
1492,164.0,165,0.09014410465247714,0.09992752335777885,
1493,168.0,169,0.08999883451245579,0.09992752335777885,
1494,140.0,141,0.0898537984799633,0.09992752335777885,
1495,157.0,158,0.08970899617772783,0.09992752335777885,
1496,102.0,103,0.08956442722908549,0.09992752335777885,
1497,74.0,75,0.08942009125797944,0.09992752335777885,
1498,122.0,123,0.08927598788895882,0.09992752335777885,
1499,100.0,101,0.08913211674717787,0.09992752335777885,
1500,44.0,45,0.08898847745839487,0.09992752335777885,149.1
1501,230.0,231,0.08884506964897122,0.09992752335777885,
1502,149.0,150,0.08870189294587044,0.09992752335777885,
1503,135.0,136,0.08855894697665723,0.09992752335777885,
1504,271.0,272,0.08841623136949646,0.09992752335777885,
1505,160.0,161,0.08827374575315222,0.09992752335777885,
1506,187.0,188,0.0881314897569869,0.09992752335777885,
1507,83.0,84,0.08798946301096013,0.09992752335777885,
1508,165.0,166,0.0878476651456279,0.09992752335777885,
1509,237.0,238,0.08770609579214159,0.09992752335777885,
1510,185.0,186,0.08756475458224694,0.09992752335777885,
1511,139.0,140,0.08742364114828319,0.09992752335777885,
1512,118.0,119,0.08728275512318207,0.09992752335777885,
1513,162.0,163,0.08714209614046682,0.09992752335777885,
1514,149.0,150,0.08700166383425131,0.09992752335777885,
1515,111.0,112,0.08686145783923903,0.09992752335777885,
1516,273.0,274,0.08672147779072215,0.09992752335777885,
1517,432.0,433,0.08658172332458057,0.09992752335777885,
1518,91.0,92,0.08644219407728103,0.09992752335777885,
1519,145.0,146,0.08630288968587606,0.09992752335777885,
1520,163.0,164,0.08616380978800312,0.09992752335777885,131.5
1521,98.0,99,0.0860249540218836,0.09992752335777885,
1522,243.0,244,0.08588632202632197,0.09992752335777885,
1523,197.0,198,0.08574791344070472,0.09992752335777885,
1524,91.0,92,0.0856097279049995,0.09992752335777885,
1525,182.0,183,0.08547176505975417,0.09992752335777885,
1526,56.0,57,0.08533402454609583,0.09992752335777885,
1527,95.0,96,0.08519650600572996,0.09992752335777885,
1528,65.0,66,0.08505920908093942,0.09992752335777885,
1529,75.0,76,0.08492213341458353,0.09992752335777885,
1530,129.0,130,0.08478527865009718,0.09992752335777885,
1531,117.0,118,0.08464864443148984,0.09992752335777885,
1532,98.0,99,0.08451223040334471,0.09992752335777885,
1533,203.0,204,0.08437603621081774,0.09992752335777885,
1534,199.0,200,0.08424006149963673,0.09992752335777885,
1535,151.0,152,0.08410430591610037,0.09992752335777885,
1536,193.0,194,0.08396876910707739,0.09992752335777885,
1537,191.0,192,0.08383345072000557,0.09992752335777885,
1538,143.0,144,0.08369835040289089,0.09992752335777885,
1539,107.0,108,0.08356346780430655,0.09992752335777885,
1540,185.0,186,0.08342880257339211,0.09992752335777885,113.4
1541,155.0,156,0.08329435435985252,0.09992752335777885,
1542,126.0,127,0.0831601228139573,0.09992752335777885,
1543,152.0,153,0.08302610758653949,0.09992752335777885,
1544,103.0,104,0.08289230832899488,0.09992752335777885,
1545,180.0,181,0.08275872469328105,0.09992752335777885,
1546,264.0,265,0.08262535633191644,0.09992752335777885,
1547,155.0,156,0.08249220289797946,0.09992752335777885,
1548,131.0,132,0.08235926404510761,0.09992752335777885,
1549,120.0,121,0.0822265394274966,0.09992752335777885,
1550,182.0,183,0.08209402869989933,0.09992752335777885,
1551,105.0,106,0.08196173151762516,0.09992752335777885,
1552,158.0,159,0.08182964753653887,0.09992752335777885,
1553,198.0,199,0.08169777641305988,0.09992752335777885,
1554,172.0,173,0.08156611780416125,0.09992752335777885,
1555,144.0,145,0.08143467136736886,0.09992752335777885,
1556,273.0,274,0.0813034367607605,0.09992752335777885,
1557,187.0,188,0.08117241364296499,0.09992752335777885,
1558,208.0,209,0.08104160167316125,0.09992752335777885,
1559,191.0,192,0.08091100051107748,0.09992752335777885,
1560,147.0,148,0.08078060981699021,0.09992752335777885,186.2
1561,383.0,384,0.08065042925172347,0.09992752335777885,
1562,146.0,147,0.08052045847664785,0.09992752335777885,
1563,102.0,103,0.08039069715367969,0.09992752335777885,
1564,142.0,143,0.08026114494528014,0.09992752335777885,
1565,113.0,114,0.0801318015144543,0.09992752335777885,
1566,135.0,136,0.08000266652475037,0.09992752335777885,
1567,106.0,107,0.07987373964025873,0.09992752335777885,
1568,182.0,183,0.07974502052561111,0.09992752335777885,
1569,92.0,93,0.07961650884597968,0.09992752335777885,
1570,68.0,69,0.0794882042670762,0.09992752335777885,
1571,80.0,81,0.07936010645515117,0.09992752335777885,
1572,84.0,85,0.07923221507699289,0.09992752335777885,
1573,57.0,58,0.07910452979992669,0.09992752335777885,
1574,222.0,223,0.07897705029181397,0.09992752335777885,
1575,207.0,208,0.07884977622105142,0.09992752335777885,
1576,175.0,176,0.07872270725657012,0.09992752335777885,
1577,241.0,242,0.07859584306783464,0.09992752335777885,
1578,214.0,215,0.07846918332484226,0.09992752335777885,
1579,96.0,97,0.07834272769812206,0.09992752335777885,
1580,245.0,246,0.07821647585873405,0.09992752335777885,194.1
1581,166.0,167,0.07809042747826836,0.09992752335777885,
1582,239.0,240,0.07796458222884435,0.09992752335777885,
1583,98.0,99,0.07783893978310978,0.09992752335777885,
1584,265.0,266,0.07771349981423994,0.09992752335777885,
1585,277.0,278,0.07758826199593682,0.09992752335777885,
1586,179.0,180,0.07746322600242825,0.09992752335777885,
1587,240.0,241,0.07733839150846704,0.09992752335777885,
1588,245.0,246,0.07721375818933016,0.09992752335777885,
1589,311.0,312,0.07708932572081785,0.09992752335777885,
1590,237.0,238,0.07696509377925285,0.09992752335777885,
1591,226.0,227,0.07684106204147952,0.09992752335777885,
1592,172.0,173,0.07671723018486294,0.09992752335777885,
1593,168.0,169,0.07659359788728819,0.09992752335777885,
1594,93.0,94,0.07647016482715939,0.09992752335777885,
1595,94.0,95,0.07634693068339897,0.09992752335777885,
1596,186.0,187,0.07622389513544676,0.09992752335777885,
1597,302.0,303,0.07610105786325921,0.09992752335777885,
1598,142.0,143,0.07597841854730851,0.09992752335777885,
1599,123.0,124,0.07585597686858177,0.09992752335777885,
1600,334.0,335,0.07573373250858022,0.09992752335777885,90.7
1601,106.0,107,0.07561168514931835,0.09992752335777885,
1602,186.0,187,0.07548983447332308,0.09992752335777885,
1603,145.0,146,0.07536818016363299,0.09992752335777885,
1604,131.0,132,0.07524672190379741,0.09992752335777885,
1605,137.0,138,0.07512545937787568,0.09992752335777885,
1606,132.0,133,0.07500439227043626,0.09992752335777885,
1607,171.0,172,0.07488352026655594,0.09992752335777885,
1608,123.0,124,0.07476284305181902,0.09992752335777885,
1609,303.0,304,0.0746423603123165,0.09992752335777885,
1610,193.0,194,0.07452207173464526,0.09992752335777885,
1611,93.0,94,0.07440197700590721,0.09992752335777885,
1612,132.0,133,0.07428207581370855,0.09992752335777885,
1613,149.0,150,0.07416236784615886,0.09992752335777885,
1614,370.0,371,0.07404285279187038,0.09992752335777885,
1615,94.0,95,0.07392353033995716,0.09992752335777885,
1616,117.0,118,0.07380440018003424,0.09992752335777885,
1617,123.0,124,0.07368546200221686,0.09992752335777885,
1618,142.0,143,0.07356671549711963,0.09992752335777885,
1619,96.0,97,0.07344816035585577,0.09992752335777885,
1620,104.0,105,0.0733297962700363,0.09992752335777885,114.7
1621,49.0,50,0.07321162293176917,0.09992752335777885,
1622,114.0,115,0.07309364003365852,0.09992752335777885,
1623,412.0,413,0.07297584726880389,0.09992752335777885,
1624,268.0,269,0.0728582443307994,0.09992752335777885,
1625,233.0,234,0.07274083091373293,0.09992752335777885,
1626,230.0,231,0.07262360671218536,0.09992752335777885,
1627,207.0,208,0.07250657142122977,0.09992752335777885,
1628,74.0,75,0.07238972473643061,0.09992752335777885,
1629,50.0,51,0.07227306635384298,0.09992752335777885,
1630,91.0,92,0.07215659597001177,0.09992752335777885,
1631,305.0,306,0.0720403132819709,0.09992752335777885,
1632,161.0,162,0.07192421798724254,0.09992752335777885,
1633,252.0,253,0.07180830978383629,0.09992752335777885,
1634,235.0,236,0.07169258837024846,0.09992752335777885,
1635,260.0,261,0.0715770534454612,0.09992752335777885,
1636,181.0,182,0.07146170470894177,0.09992752335777885,
1637,394.0,395,0.07134654186064177,0.09992752335777885,
1638,118.0,119,0.07123156460099632,0.09992752335777885,
1639,77.0,78,0.0711167726309233,0.09992752335777885,
1640,188.0,189,0.07100216565182256,0.09992752335777885,268.0
1641,239.0,240,0.07088774336557518,0.09992752335777885,
1642,147.0,148,0.07077350547454266,0.09992752335777885,
1643,171.0,172,0.07065945168156612,0.09992752335777885,
1644,122.0,123,0.07054558168996561,0.09992752335777885,
1645,174.0,175,0.07043189520353926,0.09992752335777885,
1646,44.0,45,0.07031839192656256,0.09992752335777885,
1647,110.0,111,0.07020507156378754,0.09992752335777885,
1648,115.0,116,0.07009193382044206,0.09992752335777885,
1649,188.0,189,0.069978978402229,0.09992752335777885,
1650,100.0,101,0.0698662050153255,0.09992752335777885,
1651,288.0,289,0.06975361336638224,0.09992752335777885,
1652,124.0,125,0.06964120316252259,0.09992752335777885,
1653,235.0,236,0.06952897411134196,0.09992752335777885,
1654,136.0,137,0.06941692592090694,0.09992752335777885,
1655,179.0,180,0.06930505829975458,0.09992752335777885,
1656,218.0,219,0.06919337095689165,0.09992752335777885,
1657,148.0,149,0.06908186360179386,0.09992752335777885,
1658,265.0,266,0.06897053594440508,0.09992752335777885,
1659,213.0,214,0.06885938769513666,0.09992752335777885,
1660,188.0,189,0.06874841856486662,0.09992752335777885,281.0
1661,344.0,345,0.06863762826493888,0.09992752335777885,
1662,237.0,238,0.06852701650716259,0.09992752335777885,
1663,187.0,188,0.06841658300381126,0.09992752335777885,
1664,66.0,67,0.06830632746762215,0.09992752335777885,
1665,301.0,302,0.0681962496117954,0.09992752335777885,
1666,292.0,293,0.06808634914999338,0.09992752335777885,
1667,251.0,252,0.06797662579633988,0.09992752335777885,
1668,272.0,273,0.06786707926541938,0.09992752335777885,
1669,283.0,284,0.06775770927227633,0.09992752335777885,
1670,154.0,155,0.0676485155324144,0.09992752335777885,
1671,302.0,303,0.06753949776179571,0.09992752335777885,
1672,56.0,57,0.06743065567684016,0.09992752335777885,
1673,102.0,103,0.0673219889944246,0.09992752335777885,
1674,173.0,174,0.06721349743188217,0.09992752335777885,
1675,256.0,257,0.06710518070700153,0.09992752335777885,
1676,121.0,122,0.06699703853802613,0.09992752335777885,
1677,240.0,241,0.06688907064365349,0.09992752335777885,
1678,162.0,163,0.06678127674303444,0.09992752335777885,
1679,175.0,176,0.06667365655577244,0.09992752335777885,
1680,201.0,202,0.06656620980192278,0.09992752335777885,226.5
1681,334.0,335,0.06645893620199192,0.09992752335777885,
1682,310.0,311,0.06635183547693671,0.09992752335777885,
1683,164.0,165,0.0662449073481637,0.09992752335777885,
1684,362.0,363,0.06613815153752839,0.09992752335777885,
1685,170.0,171,0.06603156776733454,0.09992752335777885,
1686,211.0,212,0.0659251557603334,0.09992752335777885,
1687,153.0,154,0.06581891523972305,0.09992752335777885,
1688,184.0,185,0.06571284592914761,0.09992752335777885,
1689,157.0,158,0.06560694755269658,0.09992752335777885,
1690,150.0,151,0.06550121983490409,0.09992752335777885,
1691,175.0,176,0.06539566250074819,0.09992752335777885,
1692,135.0,136,0.06529027527565014,0.09992752335777885,
1693,142.0,143,0.06518505788547369,0.09992752335777885,
1694,212.0,213,0.06508001005652436,0.09992752335777885,
1695,137.0,138,0.06497513151554878,0.09992752335777885,
1696,87.0,88,0.06487042198973388,0.09992752335777885,
1697,95.0,96,0.06476588120670626,0.09992752335777885,
1698,108.0,109,0.06466150889453148,0.09992752335777885,
1699,91.0,92,0.0645573047817133,0.09992752335777885,
1700,83.0,84,0.06445326859719303,0.09992752335777885,108.4
1701,85.0,86,0.06434940007034876,0.09992752335777885,
1702,356.0,357,0.06424569893099474,0.09992752335777885,
1703,219.0,220,0.06414216490938063,0.09992752335777885,
1704,184.0,185,0.06403879773619076,0.09992752335777885,
1705,261.0,262,0.0639355971425435,0.09992752335777885,
1706,232.0,233,0.06383256285999055,0.09992752335777885,
1707,157.0,158,0.06372969462051618,0.09992752335777885,
1708,98.0,99,0.06362699215653662,0.09992752335777885,
1709,232.0,233,0.0635244552008993,0.09992752335777885,
1710,117.0,118,0.06342208348688216,0.09992752335777885,
1711,48.0,49,0.06331987674819299,0.09992752335777885,
1712,150.0,151,0.0632178347189687,0.09992752335777885,
1713,102.0,103,0.06311595713377469,0.09992752335777885,
1714,210.0,211,0.06301424372760406,0.09992752335777885,
1715,164.0,165,0.06291269423587702,0.09992752335777885,
1716,176.0,177,0.06281130839444013,0.09992752335777885,
1717,122.0,123,0.06271008593956566,0.09992752335777885,
1718,109.0,110,0.06260902660795088,0.09992752335777885,
1719,98.0,99,0.0625081301367174,0.09992752335777885,
1720,105.0,106,0.062407396263410415,0.09992752335777885,106.2
1721,74.0,75,0.062306824725998126,0.09992752335777885,
1722,146.0,147,0.06220641526287099,0.09992752335777885,
1723,67.0,68,0.06210616761284105,0.09992752335777885,
1724,90.0,91,0.062006081515141274,0.09992752335777885,
1725,236.0,237,0.06190615670942485,0.09992752335777885,
1726,138.0,139,0.06180639293576453,0.09992752335777885,
1727,327.0,328,0.06170678993465195,0.09992752335777885,
1728,311.0,312,0.06160734744699695,0.09992752335777885,
1729,60.0,61,0.061508065214126904,0.09992752335777885,
1730,100.0,101,0.06140894297778604,0.09992752335777885,
1731,183.0,184,0.06130998048013477,0.09992752335777885,
1732,151.0,152,0.061211177463749045,0.09992752335777885,
1733,126.0,127,0.06111253367161964,0.09992752335777885,
1734,275.0,276,0.06101404884715151,0.09992752335777885,
1735,101.0,102,0.06091572273416314,0.09992752335777885,
1736,117.0,118,0.06081755507688583,0.09992752335777885,
1737,115.0,116,0.0607195456199631,0.09992752335777885,
1738,142.0,143,0.06062169410844995,0.09992752335777885,
1739,218.0,219,0.060524000287812234,0.09992752335777885,
1740,151.0,152,0.060426463903926024,0.09992752335777885,136.9
1741,141.0,142,0.06032908470307689,0.09992752335777885,
1742,86.0,87,0.0602318624319593,0.09992752335777885,
1743,274.0,275,0.0601347968376759,0.09992752335777885,
1744,94.0,95,0.06003788766773691,0.09992752335777885,
1745,140.0,141,0.059941134670059446,0.09992752335777885,
1746,194.0,195,0.05984453759296685,0.09992752335777885,
1747,265.0,266,0.05974809618518807,0.09992752335777885,
1748,176.0,177,0.05965181019585695,0.09992752335777885,
1749,204.0,205,0.05955567937451165,0.09992752335777885,
1750,140.0,141,0.059459703471093944,0.09992752335777885,
1751,140.0,141,0.05936388223594857,0.09992752335777885,
1752,120.0,121,0.05926821541982262,0.09992752335777885,
1753,125.0,126,0.05917270277386484,0.09992752335777885,
1754,98.0,99,0.059077344049625016,0.09992752335777885,
1755,97.0,98,0.05898213899905333,0.09992752335777885,
1756,227.0,228,0.058887087374499686,0.09992752335777885,
1757,93.0,94,0.0587921889287131,0.09992752335777885,
1758,344.0,345,0.05869744341484104,0.09992752335777885,
1759,225.0,226,0.05860285058642877,0.09992752335777885,
1760,157.0,158,0.05850841019741874,0.09992752335777885,170.8
1761,129.0,130,0.05841412200214992,0.09992752335777885,
1762,105.0,106,0.05831998575535717,0.09992752335777885,
1763,166.0,167,0.058226001212170614,0.09992752335777885,
1764,132.0,133,0.05813216812811498,0.09992752335777885,
1765,268.0,269,0.058038486259108985,0.09992752335777885,
1766,103.0,104,0.057944955361464684,0.09992752335777885,
1767,125.0,126,0.05785157519188684,0.09992752335777885,
1768,401.0,402,0.05775834550747231,0.09992752335777885,
1769,134.0,135,0.057665266065709375,0.09992752335777885,
1770,148.0,149,0.057572336624477145,0.09992752335777885,
1771,192.0,193,0.05747955694204492,0.09992752335777885,
1772,154.0,155,0.057386926777071544,0.09992752335777885,
1773,217.0,218,0.0572944458886048,0.09992752335777885,
1774,246.0,247,0.05720211403608077,0.09992752335777885,
1775,267.0,268,0.05710993097932321,0.09992752335777885,
1776,136.0,137,0.057017896478542926,0.09992752335777885,
1777,85.0,86,0.056926010294337165,0.09992752335777885,
1778,70.0,71,0.05683427218768897,0.09992752335777885,
1779,115.0,116,0.05674268191996656,0.09992752335777885,
1780,55.0,56,0.05665123925292273,0.09992752335777885,62.9
1781,54.0,55,0.056559943948694215,0.09992752335777885,
1782,81.0,82,0.056468795769801065,0.09992752335777885,
1783,125.0,126,0.05637779447914605,0.09992752335777885,
1784,273.0,274,0.056286939840014025,0.09992752335777885,
1785,141.0,142,0.05619623161607131,0.09992752335777885,
1786,184.0,185,0.0561056695713651,0.09992752335777885,
1787,281.0,282,0.05601525347032282,0.09992752335777885,
1788,159.0,160,0.055924983077751546,0.09992752335777885,
1789,89.0,90,0.055834858158837354,0.09992752335777885,
1790,148.0,149,0.05574487847914475,0.09992752335777885,
1791,124.0,125,0.05565504380461602,0.09992752335777885,
1792,174.0,175,0.05556535390157066,0.09992752335777885,
1793,180.0,181,0.05547580853670475,0.09992752335777885,
1794,123.0,124,0.05538640747709033,0.09992752335777885,
1795,218.0,219,0.05529715049017482,0.09992752335777885,
1796,315.0,316,0.05520803734378041,0.09992752335777885,
1797,181.0,182,0.05511906780610344,0.09992752335777885,
1798,162.0,163,0.05503024164571383,0.09992752335777885,
1799,234.0,235,0.054941558631554435,0.09992752335777885,
1800,150.0,151,0.05485301853294048,0.09992752335777885,135.0
1801,158.0,159,0.05476462111955894,0.09992752335777885,
1802,170.0,171,0.05467636616146794,0.09992752335777885,
1803,202.0,203,0.054588253429096185,0.09992752335777885,
1804,100.0,101,0.05450028269324232,0.09992752335777885,
1805,268.0,269,0.054412453725074375,0.09992752335777885,
1806,82.0,83,0.05432476629612913,0.09992752335777885,
1807,101.0,102,0.054237220178311556,0.09992752335777885,
1808,166.0,167,0.05414981514389419,0.09992752335777885,
1809,146.0,147,0.05406255096551658,0.09992752335777885,
1810,139.0,140,0.053975427416184656,0.09992752335777885,
1811,243.0,244,0.05388844426927017,0.09992752335777885,
1812,182.0,183,0.053801601298510075,0.09992752335777885,
1813,76.0,77,0.053714898278005976,0.09992752335777885,
1814,140.0,141,0.053628334982223504,0.09992752335777885,
1815,134.0,135,0.05354191118599175,0.09992752335777885,
1816,271.0,272,0.053455626664502674,0.09992752335777885,
1817,260.0,261,0.05336948119331053,0.09992752335777885,
1818,166.0,167,0.05328347454833127,0.09992752335777885,
1819,141.0,142,0.05319760650584195,0.09992752335777885,
1820,112.0,113,0.05311187684248019,0.09992752335777885,116.0
1821,128.0,129,0.05302628533524354,0.09992752335777885,
1822,129.0,130,0.05294083176148894,0.09992752335777885,
1823,111.0,112,0.05285551589893212,0.09992752335777885,
1824,169.0,170,0.05277033752564703,0.09992752335777885,
1825,111.0,112,0.052685296420065274,0.09992752335777885,
1826,192.0,193,0.052600392360975495,0.09992752335777885,
1827,132.0,133,0.05251562512752284,0.09992752335777885,
1828,148.0,149,0.05243099449920838,0.09992752335777885,
1829,82.0,83,0.0523465002558885,0.09992752335777885,
1830,145.0,146,0.05226214217777439,0.09992752335777885,
1831,204.0,205,0.052177920045431404,0.09992752335777885,
1832,121.0,122,0.052093833639778535,0.09992752335777885,
1833,244.0,245,0.052009882742087836,0.09992752335777885,
1834,116.0,117,0.051926067133983844,0.09992752335777885,
1835,406.0,407,0.051842386597443016,0.09992752335777885,
1836,155.0,156,0.05175884091479316,0.09992752335777885,
1837,146.0,147,0.05167542986871286,0.09992752335777885,
1838,138.0,139,0.05159215324223094,0.09992752335777885,
1839,269.0,270,0.051509010818725866,0.09992752335777885,
1840,148.0,149,0.0514260023819252,0.09992752335777885,201.7
1841,111.0,112,0.05134312771590503,0.09992752335777885,
1842,143.0,144,0.051260386605089435,0.09992752335777885,
1843,369.0,370,0.051177778834249864,0.09992752335777885,
1844,164.0,165,0.051095304188504644,0.09992752335777885,
1845,53.0,54,0.05101296245331837,0.09992752335777885,
1846,85.0,86,0.05093075341450139,0.09992752335777885,
1847,72.0,73,0.0508486768582092,0.09992752335777885,
1848,128.0,129,0.05076673257094194,0.09992752335777885,
1849,190.0,191,0.0506849203395438,0.09992752335777885,
1850,243.0,244,0.05060323995120246,0.09992752335777885,
1851,288.0,289,0.05052169119344858,0.09992752335777885,
1852,133.0,134,0.050440273854155206,0.09992752335777885,
1853,256.0,257,0.05035898772153725,0.09992752335777885,
1854,125.0,126,0.050277832584150896,0.09992752335777885,
1855,109.0,110,0.050196808230893106,0.09992752335777885,
1856,295.0,296,0.05011591445100102,0.09992752335777885,
1857,318.0,319,0.050035151034051435,0.09992752335777885,
1858,151.0,152,0.04995451776996025,0.09992752335777885,
1859,222.0,223,0.049874014448981936,0.09992752335777885,
1860,162.0,163,0.049793640861708954,0.09992752335777885,159.8
1861,169.0,170,0.04971339679907125,0.09992752335777885,
1862,183.0,184,0.04963328205233567,0.09992752335777885,
1863,176.0,177,0.04955329641310548,0.09992752335777885,
1864,122.0,123,0.049473439673319734,0.09992752335777885,
1865,199.0,200,0.04939371162525283,0.09992752335777885,
1866,126.0,127,0.049314112061513884,0.09992752335777885,
1867,191.0,192,0.04923464077504626,0.09992752335777885,
1868,255.0,256,0.049155297559126974,0.09992752335777885,
1869,206.0,207,0.04907608220736621,0.09992752335777885,
1870,166.0,167,0.048996994513706725,0.09992752335777885,
1871,96.0,97,0.04891803427242337,0.09992752335777885,
1872,109.0,110,0.04883920127812252,0.09992752335777885,
1873,112.0,113,0.04876049532574154,0.09992752335777885,
1874,239.0,240,0.04868191621054827,0.09992752335777885,
1875,237.0,238,0.048603463728140485,0.09992752335777885,
1876,156.0,157,0.04852513767444535,0.09992752335777885,
1877,143.0,144,0.04844693784571891,0.09992752335777885,
1878,159.0,160,0.04836886403854554,0.09992752335777885,
1879,145.0,146,0.048290916049837436,0.09992752335777885,
1880,199.0,200,0.04821309367683407,0.09992752335777885,151.5
1881,143.0,144,0.04813539671710168,0.09992752335777885,
1882,154.0,155,0.04805782496853271,0.09992752335777885,
1883,105.0,106,0.04798037822934533,0.09992752335777885,
1884,181.0,182,0.04790305629808288,0.09992752335777885,
1885,158.0,159,0.04782585897361334,0.09992752335777885,
1886,148.0,149,0.04774878605512885,0.09992752335777885,
1887,128.0,129,0.047671837342145126,0.09992752335777885,
1888,165.0,166,0.04759501263450099,0.09992752335777885,
1889,161.0,162,0.047518311732357835,0.09992752335777885,
1890,106.0,107,0.04744173443619909,0.09992752335777885,
1891,154.0,155,0.04736528054682971,0.09992752335777885,
1892,174.0,175,0.047288949865375664,0.09992752335777885,
1893,225.0,226,0.04721274219328341,0.09992752335777885,
1894,95.0,96,0.047136657332319386,0.09992752335777885,
1895,274.0,275,0.04706069508456948,0.09992752335777885,
1896,180.0,181,0.04698485525243855,0.09992752335777885,
1897,233.0,234,0.046909137638649845,0.09992752335777885,
1898,84.0,85,0.04683354204624456,0.09992752335777885,
1899,182.0,183,0.046758068278581304,0.09992752335777885,
1900,116.0,117,0.04668271613933555,0.09992752335777885,192.1
1901,172.0,173,0.04660748543249917,0.09992752335777885,
1902,138.0,139,0.04653237596237992,0.09992752335777885,
1903,110.0,111,0.046457387533600895,0.09992752335777885,
1904,105.0,106,0.04638251995110007,0.09992752335777885,
1905,222.0,223,0.046307773020129755,0.09992752335777885,
1906,185.0,186,0.04623314654625611,0.09992752335777885,
1907,113.0,114,0.04615864033535863,0.09992752335777885,
1908,204.0,205,0.04608425419362963,0.09992752335777885,
1909,118.0,119,0.04600998792757377,0.09992752335777885,
1910,132.0,133,0.04593584134400752,0.09992752335777885,
1911,123.0,124,0.04586181425005869,0.09992752335777885,
1912,145.0,146,0.04578790645316588,0.09992752335777885,
1913,117.0,118,0.04571411776107804,0.09992752335777885,
1914,185.0,186,0.04564044798185391,0.09992752335777885,
1915,229.0,230,0.04556689692386158,0.09992752335777885,
1916,195.0,196,0.045493464395777936,0.09992752335777885,
1917,299.0,300,0.0454201502065882,0.09992752335777885,
1918,166.0,167,0.045346954165585415,0.09992752335777885,
1919,170.0,171,0.04527387608236996,0.09992752335777885,
1920,78.0,79,0.045200915766849044,0.09992752335777885,180.3
1921,193.0,194,0.045128073029236215,0.09992752335777885,
1922,185.0,186,0.04505534768005088,0.09992752335777885,
1923,215.0,216,0.044982739530117784,0.09992752335777885,
1924,92.0,93,0.044910248390566544,0.09992752335777885,
1925,204.0,205,0.044837874072831144,0.09992752335777885,
1926,213.0,214,0.044765616388649454,0.09992752335777885,
1927,134.0,135,0.04469347515006273,0.09992752335777885,
1928,174.0,175,0.04462145016941512,0.09992752335777885,
1929,142.0,143,0.044549541259353204,0.09992752335777885,
1930,142.0,143,0.04447774823282548,0.09992752335777885,
1931,235.0,236,0.04440607090308188,0.09992752335777885,
1932,203.0,204,0.0443345090836733,0.09992752335777885,
1933,139.0,140,0.04426306258845109,0.09992752335777885,
1934,121.0,122,0.04419173123156661,0.09992752335777885,
1935,144.0,145,0.04412051482747069,0.09992752335777885,
1936,141.0,142,0.0440494131909132,0.09992752335777885,
1937,100.0,101,0.043978426136942535,0.09992752335777885,
1938,117.0,118,0.04390755348090516,0.09992752335777885,
1939,189.0,190,0.0438367950384451,0.09992752335777885,
1940,119.0,120,0.04376615062550348,0.09992752335777885,195.4
1941,121.0,122,0.04369562005831804,0.09992752335777885,
1942,181.0,182,0.04362520315342267,0.09992752335777885,
1943,213.0,214,0.043554899727646916,0.09992752335777885,
1944,115.0,116,0.0434847095981155,0.09992752335777885,
1945,146.0,147,0.043414632582247856,0.09992752335777885,
1946,449.0,450,0.043344668497757664,0.09992752335777885,
1947,166.0,167,0.04327481716265236,0.09992752335777885,
1948,156.0,157,0.043205078395232646,0.09992752335777885,
1949,339.0,340,0.04313545201409207,0.09992752335777885,
1950,158.0,159,0.04306593783811651,0.049963761678889426,
1951,500.0,500,0.04299653568648371,0.049963761678889426,
1952,165.0,166,0.042927245378662826,0.049963761678889426,
1953,189.0,190,0.042858066734413926,0.049963761678889426,
1954,179.0,180,0.04278899957378756,0.049963761678889426,
1955,141.0,142,0.04272004371712426,0.049963761678889426,
1956,191.0,192,0.042651198985054095,0.049963761678889426,
1957,188.0,189,0.042582465198496185,0.049963761678889426,
1958,156.0,157,0.04251384217865825,0.049963761678889426,
1959,405.0,406,0.04244532974703614,0.049963761678889426,
1960,151.0,152,0.04237692772541336,0.049963761678889426,188.3
1961,236.0,237,0.04230863593586064,0.049963761678889426,
1962,136.0,137,0.042240454200735425,0.049963761678889426,
1963,180.0,181,0.04217238234268145,0.049963761678889426,
1964,142.0,143,0.042104420184628254,0.049963761678889426,
1965,161.0,162,0.042036567549790745,0.049963761678889426,
1966,214.0,215,0.041968824261668716,0.049963761678889426,
1967,151.0,152,0.0419011901440464,0.049963761678889426,
1968,253.0,254,0.041833665020992,0.049963761678889426,
1969,244.0,245,0.04176624871685725,0.049963761678889426,
1970,128.0,129,0.041698941056276945,0.049963761678889426,
1971,173.0,174,0.04163174186416848,0.049963761678889426,
1972,152.0,153,0.041564650965731406,0.049963761678889426,
1973,221.0,222,0.041497668186446963,0.049963761678889426,
1974,266.0,267,0.041430793352077645,0.049963761678889426,
1975,488.0,489,0.041364026288666735,0.049963761678889426,
1976,146.0,147,0.04129736682253784,0.049963761678889426,
1977,135.0,136,0.04123081478029446,0.049963761678889426,
1978,271.0,272,0.04116436998881953,0.049963761678889426,
1979,241.0,242,0.041098032275274976,0.049963761678889426,
1980,135.0,136,0.04103180146710124,0.049963761678889426,200.3
1981,224.0,225,0.04096567739201686,0.049963761678889426,
1982,140.0,141,0.040899659878018024,0.049963761678889426,
1983,200.0,201,0.040833748753378085,0.049963761678889426,
1984,127.0,128,0.04076794384664715,0.049963761678889426,
1985,373.0,374,0.04070224498665163,0.049963761678889426,
1986,189.0,190,0.04063665200249377,0.049963761678889426,
1987,252.0,253,0.04057116472355125,0.049963761678889426,
1988,214.0,215,0.04050578297947668,0.049963761678889426,
1989,211.0,212,0.04044050660019721,0.049963761678889426,
1990,217.0,218,0.04037533541591407,0.049963761678889426,
1991,233.0,234,0.04031026925710213,0.049963761678889426,
1992,111.0,112,0.040245307954509424,0.049963761678889426,
1993,193.0,194,0.040180451339156785,0.049963761678889426,
1994,220.0,221,0.04011569924233733,0.049963761678889426,
1995,169.0,170,0.04005105149561606,0.049963761678889426,
1996,119.0,120,0.039986507930829425,0.049963761678889426,
1997,130.0,131,0.039922068380084864,0.049963761678889426,
1998,143.0,144,0.039857732675760385,0.049963761678889426,
1999,179.0,180,0.03979350065050412,0.049963761678889426,
2000,103.0,104,0.0397293721372339,0.049963761678889426,190.2
