episode,reward,length,epsilon,lr,eval_reward
1,11.0,12,0.9986183664052697,0.06541210527692738,
2,26.0,27,0.9972386417219294,0.06541210527692738,
3,13.0,14,0.9958608233125632,0.06541210527692738,
4,14.0,15,0.9944849085433988,0.06541210527692738,
5,28.0,29,0.9931108947843029,0.06541210527692738,
6,14.0,15,0.9917387794087762,0.06541210527692738,
7,24.0,25,0.9903685597939482,0.06541210527692738,
8,13.0,14,0.9890002333205722,0.06541210527692738,
9,12.0,13,0.9876337973730204,0.06541210527692738,
10,48.0,49,0.9862692493392787,0.06541210527692738,
11,63.0,64,0.9849065866109421,0.06541210527692738,
12,23.0,24,0.9835458065832092,0.06541210527692738,
13,19.0,20,0.9821869066548777,0.06541210527692738,
14,8.0,9,0.980829884228339,0.06541210527692738,
15,12.0,13,0.9794747367095737,0.06541210527692738,
16,17.0,18,0.9781214615081462,0.06541210527692738,
17,10.0,11,0.9767700560371998,0.06541210527692738,
18,38.0,39,0.9754205177134522,0.06541210527692738,
19,28.0,29,0.9740728439571901,0.06541210527692738,
20,16.0,17,0.9727270321922643,0.06541210527692738,30.1
21,18.0,19,0.9713830798460852,0.06541210527692738,
22,17.0,18,0.9700409843496173,0.06541210527692738,
23,11.0,12,0.9687007431373745,0.06541210527692738,
24,15.0,16,0.9673623536474157,0.06541210527692738,
25,21.0,22,0.9660258133213391,0.06541210527692738,
26,34.0,35,0.9646911196042777,0.06541210527692738,
27,24.0,25,0.9633582699448944,0.06541210527692738,
28,26.0,27,0.9620272617953772,0.06541210527692738,
29,37.0,38,0.9606980926114344,0.06541210527692738,
30,26.0,27,0.959370759852289,0.06541210527692738,
31,14.0,15,0.9580452609806752,0.06541210527692738,
32,40.0,41,0.9567215934628321,0.06541210527692738,
33,32.0,33,0.9553997547685,0.06541210527692738,
34,23.0,24,0.9540797423709148,0.06541210527692738,
35,28.0,29,0.9527615537468035,0.06541210527692738,
36,22.0,23,0.9514451863763794,0.06541210527692738,
37,33.0,34,0.9501306377433374,0.06541210527692738,
38,26.0,27,0.9488179053348487,0.06541210527692738,
39,13.0,14,0.9475069866415564,0.06541210527692738,
40,22.0,23,0.9461978791575707,0.06541210527692738,13.6
41,41.0,42,0.944890580380464,0.06541210527692738,
42,44.0,45,0.9435850878112662,0.06541210527692738,
43,22.0,23,0.9422813989544595,0.06541210527692738,
44,22.0,23,0.9409795113179745,0.06541210527692738,
45,42.0,43,0.9396794224131847,0.06541210527692738,
46,16.0,17,0.9383811297549018,0.06541210527692738,
47,26.0,27,0.9370846308613715,0.06541210527692738,
48,8.0,9,0.935789923254268,0.06541210527692738,
49,18.0,19,0.9344970044586898,0.06541210527692738,
50,15.0,16,0.9332058720031549,0.06541210527692738,
51,42.0,43,0.9319165234195957,0.06541210527692738,
52,27.0,28,0.930628956243355,0.06541210527692738,
53,52.0,53,0.9293431680131803,0.06541210527692738,
54,34.0,35,0.9280591562712202,0.06541210527692738,
55,32.0,33,0.9267769185630188,0.06541210527692738,
56,13.0,14,0.9254964524375114,0.06541210527692738,
57,31.0,32,0.92421775544702,0.06541210527692738,
58,30.0,31,0.9229408251472482,0.06541210527692738,
59,14.0,15,0.9216656590972766,0.06541210527692738,
60,21.0,22,0.9203922548595586,0.06541210527692738,23.1
61,20.0,21,0.919120609999915,0.06541210527692738,
62,55.0,56,0.91785072208753,0.06541210527692738,
63,22.0,23,0.9165825886949465,0.06541210527692738,
64,11.0,12,0.9153162073980606,0.06541210527692738,
65,26.0,27,0.9140515757761183,0.06541210527692738,
66,19.0,20,0.9127886914117098,0.06541210527692738,
67,16.0,17,0.9115275518907655,0.06541210527692738,
68,16.0,17,0.910268154802551,0.06541210527692738,
69,13.0,14,0.9090104977396626,0.06541210527692738,
70,30.0,31,0.907754578298023,0.06541210527692738,
71,33.0,34,0.9065003940768762,0.06541210527692738,
72,26.0,27,0.9052479426787833,0.06541210527692738,
73,28.0,29,0.9039972217096178,0.06541210527692738,
74,45.0,46,0.902748228778561,0.06541210527692738,
75,36.0,37,0.9015009614980972,0.06541210527692738,
76,20.0,21,0.9002554174840097,0.06541210527692738,
77,53.0,54,0.8990115943553758,0.06541210527692738,
78,15.0,16,0.8977694897345624,0.06541210527692738,
79,14.0,15,0.8965291012472212,0.06541210527692738,
80,22.0,23,0.8952904265222846,0.06541210527692738,23.8
81,24.0,25,0.894053463191961,0.06541210527692738,
82,19.0,20,0.89281820889173,0.06541210527692738,
83,24.0,25,0.8915846612603383,0.06541210527692738,
84,16.0,17,0.8903528179397948,0.06541210527692738,
85,41.0,42,0.8891226765753664,0.06541210527692738,
86,39.0,40,0.8878942348155733,0.06541210527692738,
87,24.0,25,0.8866674903121847,0.06541210527692738,
88,12.0,13,0.8854424407202142,0.06541210527692738,
89,35.0,36,0.8842190836979151,0.06541210527692738,
90,15.0,16,0.8829974169067765,0.06541210527692738,
91,12.0,13,0.881777438011518,0.06541210527692738,
92,17.0,18,0.880559144680086,0.06541210527692738,
93,14.0,15,0.879342534583649,0.06541210527692738,
94,32.0,33,0.8781276053965928,0.06541210527692738,
95,16.0,17,0.8769143547965168,0.06541210527692738,
96,43.0,44,0.8757027804642287,0.06541210527692738,
97,97.0,98,0.8744928800837406,0.06541210527692738,
98,105.0,106,0.8732846513422644,0.06541210527692738,
99,14.0,15,0.8720780919302076,0.06541210527692738,
100,41.0,42,0.8708731995411685,0.06541210527692738,22.8
101,44.0,45,0.8696699718719322,0.06541210527692738,
102,45.0,46,0.8684684066224657,0.06541210527692738,
103,35.0,36,0.8672685014959142,0.06541210527692738,
104,34.0,35,0.866070254198596,0.06541210527692738,
105,17.0,18,0.8648736624399985,0.06541210527692738,
106,20.0,21,0.863678723932774,0.06541210527692738,
107,34.0,35,0.8624854363927347,0.06541210527692738,
108,66.0,67,0.8612937975388488,0.06541210527692738,
109,56.0,57,0.8601038050932363,0.06541210527692738,
110,15.0,16,0.8589154567811641,0.06541210527692738,
111,35.0,36,0.8577287503310421,0.06541210527692738,
112,18.0,19,0.8565436834744187,0.06541210527692738,
113,37.0,38,0.8553602539459764,0.06541210527692738,
114,27.0,28,0.8541784594835276,0.06541210527692738,
115,18.0,19,0.8529982978280102,0.06541210527692738,
116,19.0,20,0.8518197667234833,0.06541210527692738,
117,18.0,19,0.8506428639171227,0.06541210527692738,
118,13.0,14,0.8494675871592172,0.06541210527692738,
119,18.0,19,0.8482939342031636,0.06541210527692738,
120,66.0,67,0.8471219028054625,0.06541210527692738,19.9
121,61.0,62,0.8459514907257146,0.06541210527692738,
122,16.0,17,0.8447826957266158,0.06541210527692738,
123,10.0,11,0.8436155155739531,0.06541210527692738,
124,19.0,20,0.8424499480366003,0.06541210527692738,
125,14.0,15,0.8412859908865141,0.06541210527692738,
126,35.0,36,0.8401236418987293,0.06541210527692738,
127,40.0,41,0.8389628988513549,0.06541210527692738,
128,19.0,20,0.8378037595255695,0.06541210527692738,
129,19.0,20,0.8366462217056176,0.06541210527692738,
130,15.0,16,0.835490283178805,0.06541210527692738,
131,9.0,10,0.8343359417354944,0.06541210527692738,
132,27.0,28,0.8331831951691017,0.06541210527692738,
133,32.0,33,0.8320320412760913,0.06541210527692738,
134,20.0,21,0.8308824778559722,0.06541210527692738,
135,16.0,17,0.8297345027112937,0.06541210527692738,
136,19.0,20,0.828588113647641,0.06541210527692738,
137,32.0,33,0.8274433084736311,0.06541210527692738,
138,14.0,15,0.8263000850009091,0.06541210527692738,
139,51.0,52,0.8251584410441434,0.06541210527692738,
140,18.0,19,0.8240183744210215,0.06541210527692738,33.7
141,14.0,15,0.8228798829522465,0.06541210527692738,
142,22.0,23,0.8217429644615318,0.06541210527692738,
143,18.0,19,0.8206076167755985,0.06541210527692738,
144,14.0,15,0.8194738377241697,0.06541210527692738,
145,53.0,54,0.8183416251399674,0.06541210527692738,
146,13.0,14,0.8172109768587079,0.06541210527692738,
147,48.0,49,0.8160818907190975,0.06541210527692738,
148,27.0,28,0.814954364562829,0.06541210527692738,
149,55.0,56,0.8138283962345769,0.06541210527692738,
150,47.0,48,0.8127039835819937,0.06541210527692738,
151,9.0,10,0.8115811244557056,0.06541210527692738,
152,44.0,45,0.8104598167093087,0.06541210527692738,
153,49.0,50,0.8093400581993642,0.06541210527692738,
154,10.0,11,0.8082218467853949,0.06541210527692738,
155,28.0,29,0.8071051803298812,0.06541210527692738,
156,26.0,27,0.8059900566982566,0.06541210527692738,
157,21.0,22,0.8048764737589037,0.06541210527692738,
158,34.0,35,0.8037644293831503,0.06541210527692738,
159,32.0,33,0.8026539214452653,0.06541210527692738,
160,41.0,42,0.8015449478224544,0.06541210527692738,32.0
161,27.0,28,0.8004375063948566,0.06541210527692738,
162,29.0,30,0.7993315950455393,0.06541210527692738,
163,29.0,30,0.798227211660495,0.06541210527692738,
164,14.0,15,0.797124354128637,0.06541210527692738,
165,43.0,44,0.7960230203417952,0.06541210527692738,
166,13.0,14,0.7949232081947123,0.06541210527692738,
167,56.0,57,0.7938249155850396,0.06541210527692738,
168,24.0,25,0.7927281404133334,0.06541210527692738,
169,16.0,17,0.7916328805830503,0.06541210527692738,
170,32.0,33,0.7905391340005435,0.06541210527692738,
171,8.0,9,0.7894468985750593,0.06541210527692738,
172,24.0,25,0.7883561722187323,0.06541210527692738,
173,25.0,26,0.7872669528465819,0.06541210527692738,
174,42.0,43,0.786179238376508,0.06541210527692738,
175,50.0,51,0.7850930267292876,0.06541210527692738,
176,32.0,33,0.7840083158285699,0.06541210527692738,
177,34.0,35,0.7829251036008732,0.06541210527692738,
178,31.0,32,0.7818433879755805,0.06541210527692738,
179,19.0,20,0.7807631668849356,0.06541210527692738,
180,33.0,34,0.7796844382640393,0.06541210527692738,28.2
181,37.0,38,0.7786072000508453,0.06541210527692738,
182,27.0,28,0.7775314501861561,0.06541210527692738,
183,22.0,23,0.7764571866136195,0.06541210527692738,
184,64.0,65,0.7753844072797244,0.06541210527692738,
185,20.0,21,0.7743131101337967,0.06541210527692738,
186,43.0,44,0.7732432931279957,0.06541210527692738,
187,43.0,44,0.7721749542173101,0.06541210527692738,
188,24.0,25,0.7711080913595542,0.06541210527692738,
189,21.0,22,0.7700427025153634,0.06541210527692738,
190,32.0,33,0.7689787856481913,0.06541210527692738,
191,30.0,31,0.7679163387243049,0.06541210527692738,
192,35.0,36,0.7668553597127811,0.06541210527692738,
193,17.0,18,0.7657958465855029,0.06541210527692738,
194,48.0,49,0.7647377973171554,0.06541210527692738,
195,29.0,30,0.7636812098852219,0.06541210527692738,
196,34.0,35,0.7626260822699802,0.06541210527692738,
197,31.0,32,0.7615724124544985,0.06541210527692738,
198,14.0,15,0.7605201984246315,0.06541210527692738,
199,14.0,15,0.759469438169017,0.06541210527692738,
200,59.0,60,0.7584201296790718,0.06541210527692738,33.3
201,174.0,175,0.7573722709489875,0.06541210527692738,
202,20.0,21,0.7563258599757272,0.06541210527692738,
203,28.0,29,0.7552808947590215,0.06541210527692738,
204,9.0,10,0.7542373733013644,0.06541210527692738,
205,82.0,83,0.7531952936080101,0.06541210527692738,
206,21.0,22,0.7521546536869684,0.06541210527692738,
207,11.0,12,0.7511154515490017,0.06541210527692738,
208,24.0,25,0.7500776852076206,0.06541210527692738,
209,34.0,35,0.7490413526790802,0.06541210527692738,
210,96.0,97,0.7480064519823766,0.06541210527692738,
211,17.0,18,0.7469729811392427,0.06541210527692738,
212,33.0,34,0.7459409381741449,0.06541210527692738,
213,12.0,13,0.7449103211142788,0.06541210527692738,
214,11.0,12,0.743881127989566,0.06541210527692738,
215,22.0,23,0.7428533568326497,0.06541210527692738,
216,72.0,73,0.7418270056788916,0.06541210527692738,
217,10.0,11,0.7408020725663674,0.06541210527692738,
218,27.0,28,0.7397785555358639,0.06541210527692738,
219,24.0,25,0.7387564526308745,0.06541210527692738,
220,39.0,40,0.7377357618975959,0.06541210527692738,25.6
221,26.0,27,0.7367164813849243,0.06541210527692738,
222,41.0,42,0.7356986091444514,0.06541210527692738,
223,100.0,101,0.7346821432304611,0.06541210527692738,
224,10.0,11,0.7336670816999254,0.06541210527692738,
225,16.0,17,0.7326534226125011,0.06541210527692738,
226,14.0,15,0.7316411640305255,0.06541210527692738,
227,32.0,33,0.7306303040190133,0.06541210527692738,
228,26.0,27,0.7296208406456526,0.06541210527692738,
229,51.0,52,0.7286127719808012,0.06541210527692738,
230,31.0,32,0.727606096097483,0.06541210527692738,
231,25.0,26,0.7266008110713841,0.06541210527692738,
232,34.0,35,0.7255969149808495,0.06541210527692738,
233,18.0,19,0.7245944059068793,0.06541210527692738,
234,15.0,16,0.7235932819331247,0.06541210527692738,
235,19.0,20,0.7225935411458847,0.06541210527692738,
236,17.0,18,0.7215951816341024,0.06541210527692738,
237,40.0,41,0.7205982014893613,0.06541210527692738,
238,52.0,53,0.7196025988058813,0.06541210527692738,
239,64.0,65,0.7186083716805158,0.06541210527692738,
240,25.0,26,0.7176155182127476,0.06541210527692738,30.3
241,51.0,52,0.7166240365046851,0.06541210527692738,
242,28.0,29,0.715633924661059,0.06541210527692738,
243,59.0,60,0.7146451807892186,0.06541210527692738,
244,81.0,82,0.7136578029991281,0.06541210527692738,
245,18.0,19,0.7126717894033631,0.06541210527692738,
246,42.0,43,0.7116871381171068,0.06541210527692738,
247,55.0,56,0.7107038472581467,0.06541210527692738,
248,50.0,51,0.7097219149468708,0.06541210527692738,
249,20.0,21,0.7087413393062638,0.06541210527692738,
250,36.0,37,0.7077621184619042,0.06541210527692738,
251,13.0,14,0.7067842505419597,0.06541210527692738,
252,29.0,30,0.7058077336771846,0.06541210527692738,
253,40.0,41,0.7048325660009158,0.06541210527692738,
254,29.0,30,0.703858745649069,0.06541210527692738,
255,56.0,57,0.7028862707601355,0.06541210527692738,
256,51.0,52,0.7019151394751786,0.06541210527692738,
257,12.0,13,0.7009453499378299,0.06541210527692738,
258,37.0,38,0.6999769002942857,0.06541210527692738,
259,36.0,37,0.699009788693304,0.06541210527692738,
260,61.0,62,0.6980440132862,0.06541210527692738,43.9
261,34.0,35,0.6970795722268435,0.06541210527692738,
262,61.0,62,0.6961164636716546,0.06541210527692738,
263,77.0,78,0.6951546857796009,0.06541210527692738,
264,24.0,25,0.6941942367121936,0.06541210527692738,
265,17.0,18,0.6932351146334839,0.06541210527692738,
266,16.0,17,0.6922773177100595,0.06541210527692738,
267,31.0,32,0.6913208441110416,0.06541210527692738,
268,16.0,17,0.6903656920080804,0.06541210527692738,
269,18.0,19,0.6894118595753528,0.06541210527692738,
270,39.0,40,0.688459344989558,0.06541210527692738,
271,48.0,49,0.6875081464299143,0.06541210527692738,
272,84.0,85,0.686558262078156,0.06541210527692738,
273,45.0,46,0.6856096901185291,0.06541210527692738,
274,25.0,26,0.6846624287377887,0.06541210527692738,
275,89.0,90,0.6837164761251949,0.06541210527692738,
276,39.0,40,0.6827718304725098,0.06541210527692738,
277,23.0,24,0.6818284899739935,0.06541210527692738,
278,56.0,57,0.6808864528264011,0.06541210527692738,
279,21.0,22,0.6799457172289795,0.06541210527692738,
280,68.0,69,0.6790062813834629,0.06541210527692738,58.8
281,98.0,99,0.6780681434940705,0.06541210527692738,
282,73.0,74,0.6771313017675027,0.06541210527692738,
283,14.0,15,0.6761957544129372,0.06541210527692738,
284,63.0,64,0.6752614996420263,0.06541210527692738,
285,116.0,117,0.674328535668893,0.06541210527692738,
286,31.0,32,0.6733968607101275,0.06541210527692738,
287,11.0,12,0.6724664729847845,0.06541210527692738,
288,12.0,13,0.6715373707143789,0.06541210527692738,
289,44.0,45,0.6706095521228831,0.06541210527692738,
290,15.0,16,0.669683015436723,0.06541210527692738,
291,13.0,14,0.6687577588847754,0.06541210527692738,
292,17.0,18,0.6678337806983636,0.06541210527692738,
293,40.0,41,0.666911079111255,0.06541210527692738,
294,40.0,41,0.665989652359657,0.06541210527692738,
295,12.0,13,0.6650694986822141,0.06541210527692738,
296,19.0,20,0.6641506163200043,0.06541210527692738,
297,53.0,54,0.6632330035165357,0.06541210527692738,
298,38.0,39,0.6623166585177434,0.06541210527692738,
299,29.0,30,0.6614015795719858,0.06541210527692738,
300,77.0,78,0.6604877649300414,0.06541210527692738,41.5
301,16.0,17,0.6595752128451057,0.06541210527692738,
302,86.0,87,0.6586639215727875,0.06541210527692738,
303,29.0,30,0.6577538893711058,0.06541210527692738,
304,28.0,29,0.6568451145004861,0.06541210527692738,
305,44.0,45,0.6559375952237577,0.06541210527692738,
306,112.0,113,0.65503132980615,0.06541210527692738,
307,44.0,45,0.654126316515289,0.06541210527692738,
308,55.0,56,0.6532225536211942,0.06541210527692738,
309,43.0,44,0.6523200393962756,0.06541210527692738,
310,67.0,68,0.6514187721153298,0.06541210527692738,
311,35.0,36,0.6505187500555373,0.06541210527692738,
312,22.0,23,0.6496199714964586,0.06541210527692738,
313,43.0,44,0.6487224347200313,0.06541210527692738,
314,23.0,24,0.6478261380105669,0.06541210527692738,
315,23.0,24,0.646931079654747,0.06541210527692738,
316,16.0,17,0.6460372579416209,0.06541210527692738,
317,98.0,99,0.6451446711626013,0.06541210527692738,
318,49.0,50,0.6442533176114619,0.06541210527692738,
319,15.0,16,0.6433631955843334,0.06541210527692738,
320,21.0,22,0.642474303379701,0.06541210527692738,49.2
321,24.0,25,0.6415866392984007,0.06541210527692738,
322,42.0,43,0.6407002016436159,0.06541210527692738,
323,102.0,103,0.6398149887208745,0.06541210527692738,
324,26.0,27,0.6389309988380457,0.06541210527692738,
325,62.0,63,0.6380482303053365,0.06541210527692738,
326,10.0,11,0.6371666814352884,0.06541210527692738,
327,20.0,21,0.6362863505427746,0.06541210527692738,
328,157.0,158,0.6354072359449964,0.06541210527692738,
329,42.0,43,0.6345293359614801,0.06541210527692738,
330,16.0,17,0.6336526489140738,0.06541210527692738,
331,70.0,71,0.6327771731269443,0.06541210527692738,
332,70.0,71,0.6319029069265736,0.06541210527692738,
333,110.0,111,0.631029848641756,0.06541210527692738,
334,70.0,71,0.6301579966035951,0.06541210527692738,
335,14.0,15,0.6292873491454996,0.06541210527692738,
336,117.0,118,0.6284179046031814,0.06541210527692738,
337,33.0,34,0.6275496613146516,0.06541210527692738,
338,52.0,53,0.6266826176202177,0.06541210527692738,
339,111.0,112,0.6258167718624801,0.06541210527692738,
340,47.0,48,0.6249521223863292,0.06541210527692738,81.8
341,29.0,30,0.6240886675389423,0.06541210527692738,
342,41.0,42,0.62322640566978,0.06541210527692738,
343,25.0,26,0.6223653351305837,0.06541210527692738,
344,38.0,39,0.6215054542753716,0.06541210527692738,
345,39.0,40,0.6206467614604366,0.06541210527692738,
346,73.0,74,0.6197892550443423,0.06541210527692738,
347,49.0,50,0.6189329333879202,0.06541210527692738,
348,23.0,24,0.6180777948542665,0.06541210527692738,
349,55.0,56,0.617223837808739,0.06541210527692738,
350,16.0,17,0.6163710606189541,0.06541210527692738,
351,104.0,105,0.6155194616547833,0.06541210527692738,
352,134.0,135,0.6146690392883508,0.06541210527692738,
353,124.0,125,0.6138197918940295,0.06541210527692738,
354,60.0,61,0.6129717178484383,0.06541210527692738,
355,75.0,76,0.6121248155304393,0.06541210527692738,
356,77.0,78,0.6112790833211343,0.06541210527692738,
357,51.0,52,0.6104345196038619,0.06541210527692738,
358,50.0,51,0.6095911227641941,0.06541210527692738,
359,46.0,47,0.6087488911899338,0.06541210527692738,
360,15.0,16,0.6079078232711109,0.06541210527692738,49.1
361,13.0,14,0.6070679173999802,0.06541210527692738,
362,94.0,95,0.6062291719710174,0.06541210527692738,
363,14.0,15,0.6053915853809168,0.06541210527692738,
364,27.0,28,0.6045551560285874,0.06541210527692738,
365,39.0,40,0.603719882315151,0.06541210527692738,
366,40.0,41,0.6028857626439377,0.06541210527692738,
367,78.0,79,0.6020527954204842,0.06541210527692738,
368,37.0,38,0.6012209790525299,0.06541210527692738,
369,78.0,79,0.6003903119500142,0.06541210527692738,
370,24.0,25,0.5995607925250734,0.06541210527692738,
371,59.0,60,0.5987324191920377,0.06541210527692738,
372,94.0,95,0.5979051903674278,0.06541210527692738,
373,95.0,96,0.5970791044699526,0.06541210527692738,
374,51.0,52,0.5962541599205055,0.06541210527692738,
375,24.0,25,0.5954303551421616,0.06541210527692738,
376,34.0,35,0.594607688560175,0.06541210527692738,
377,46.0,47,0.5937861586019753,0.06541210527692738,
378,97.0,98,0.5929657636971649,0.06541210527692738,
379,43.0,44,0.592146502277516,0.06541210527692738,
380,27.0,28,0.5913283727769673,0.06541210527692738,59.0
381,43.0,44,0.5905113736316214,0.06541210527692738,
382,16.0,17,0.5896955032797416,0.06541210527692738,
383,163.0,164,0.588880760161749,0.06541210527692738,
384,44.0,45,0.5880671427202192,0.06541210527692738,
385,15.0,16,0.5872546493998799,0.06541210527692738,
386,93.0,94,0.5864432786476075,0.06541210527692738,
387,16.0,17,0.5856330289124242,0.06541210527692738,
388,20.0,21,0.5848238986454951,0.06541210527692738,
389,22.0,23,0.5840158863001254,0.06541210527692738,
390,30.0,31,0.5832089903317569,0.06541210527692738,
391,174.0,175,0.5824032091979657,0.06541210527692738,
392,129.0,130,0.5815985413584591,0.06541210527692738,
393,33.0,34,0.5807949852750721,0.06541210527692738,
394,44.0,45,0.5799925394117652,0.06541210527692738,
395,29.0,30,0.579191202234621,0.06541210527692738,
396,56.0,57,0.5783909722118413,0.06541210527692738,
397,79.0,80,0.5775918478137447,0.06541210527692738,
398,77.0,78,0.5767938275127629,0.06541210527692738,
399,15.0,16,0.5759969097834382,0.06541210527692738,
400,107.0,108,0.5752010931024205,0.06541210527692738,57.4
401,24.0,25,0.5744063759484647,0.06541210527692738,
402,43.0,44,0.573612756802427,0.06541210527692738,
403,63.0,64,0.5728202341472629,0.06541210527692738,
404,74.0,75,0.5720288064680238,0.06541210527692738,
405,109.0,110,0.5712384722518541,0.06541210527692738,
406,121.0,122,0.5704492299879885,0.06541210527692738,
407,195.0,196,0.5696610781677491,0.06541210527692738,
408,91.0,92,0.5688740152845423,0.06541210527692738,
409,207.0,208,0.568088039833856,0.06541210527692738,
410,23.0,24,0.5673031503132571,0.06541210527692738,
411,74.0,75,0.5665193452223879,0.06541210527692738,
412,47.0,48,0.565736623062964,0.06541210527692738,
413,28.0,29,0.564954982338771,0.06541210527692738,
414,20.0,21,0.5641744215556614,0.06541210527692738,
415,45.0,46,0.5633949392215526,0.06541210527692738,
416,112.0,113,0.5626165338464231,0.06541210527692738,
417,49.0,50,0.5618392039423101,0.06541210527692738,
418,63.0,64,0.5610629480233069,0.06541210527692738,
419,28.0,29,0.5602877646055595,0.06541210527692738,
420,73.0,74,0.5595136522072641,0.06541210527692738,49.1
421,178.0,179,0.5587406093486643,0.06541210527692738,
422,38.0,39,0.5579686345520481,0.06541210527692738,
423,88.0,89,0.5571977263417452,0.06541210527692738,
424,49.0,50,0.5564278832441242,0.06541210527692738,
425,157.0,158,0.5556591037875894,0.06541210527692738,
426,70.0,71,0.5548913865025787,0.06541210527692738,
427,29.0,30,0.5541247299215603,0.06541210527692738,
428,13.0,14,0.5533591325790298,0.06541210527692738,
429,13.0,14,0.5525945930115078,0.06541210527692738,
430,110.0,111,0.5518311097575368,0.06541210527692738,
431,44.0,45,0.5510686813576785,0.06541210527692738,
432,29.0,30,0.550307306354511,0.06541210527692738,
433,36.0,37,0.5495469832926261,0.06541210527692738,
434,63.0,64,0.5487877107186263,0.06541210527692738,
435,128.0,129,0.5480294871811223,0.06541210527692738,
436,35.0,36,0.5472723112307301,0.06541210527692738,
437,42.0,43,0.546516181420068,0.06541210527692738,
438,61.0,62,0.5457610963037542,0.06541210527692738,
439,31.0,32,0.5450070544384041,0.06541210527692738,
440,68.0,69,0.544254054382627,0.06541210527692738,83.3
441,34.0,35,0.5435020946970237,0.06541210527692738,
442,23.0,24,0.542751173944184,0.06541210527692738,
443,224.0,225,0.5420012906886834,0.06541210527692738,
444,10.0,11,0.5412524434970807,0.06541210527692738,
445,24.0,25,0.5405046309379152,0.06541210527692738,
446,57.0,58,0.5397578515817041,0.06541210527692738,
447,37.0,38,0.5390121040009394,0.06541210527692738,
448,32.0,33,0.5382673867700853,0.06541210527692738,
449,14.0,15,0.5375236984655761,0.06541210527692738,
450,104.0,105,0.5367810376658124,0.06541210527692738,
451,65.0,66,0.5360394029511591,0.06541210527692738,
452,126.0,127,0.5352987929039427,0.06541210527692738,
453,84.0,85,0.534559206108448,0.06541210527692738,
454,23.0,24,0.5338206411509162,0.06541210527692738,
455,106.0,107,0.5330830966195417,0.06541210527692738,
456,32.0,33,0.5323465711044693,0.06541210527692738,
457,37.0,38,0.5316110631977918,0.06541210527692738,
458,76.0,77,0.5308765714935475,0.06541210527692738,
459,67.0,68,0.5301430945877168,0.06541210527692738,
460,36.0,37,0.5294106310782202,0.06541210527692738,101.7
461,84.0,85,0.5286791795649152,0.06541210527692738,
462,88.0,89,0.5279487386495938,0.06541210527692738,
463,185.0,186,0.5272193069359801,0.06541210527692738,
464,30.0,31,0.5264908830297269,0.06541210527692738,
465,10.0,11,0.5257634655384138,0.06541210527692738,
466,103.0,104,0.5250370530715441,0.06541210527692738,
467,46.0,47,0.5243116442405423,0.06541210527692738,
468,100.0,101,0.5235872376587513,0.06541210527692738,
469,44.0,45,0.5228638319414299,0.06541210527692738,
470,195.0,196,0.5221414257057503,0.06541210527692738,
471,47.0,48,0.5214200175707948,0.06541210527692738,
472,117.0,118,0.5206996061575542,0.06541210527692738,
473,65.0,66,0.519980190088924,0.06541210527692738,
474,37.0,38,0.5192617679897029,0.06541210527692738,
475,16.0,17,0.5185443384865893,0.06541210527692738,
476,23.0,24,0.517827900208179,0.06541210527692738,
477,25.0,26,0.5171124517849628,0.06541210527692738,
478,96.0,97,0.5163979918493233,0.06541210527692738,
479,72.0,73,0.515684519035533,0.06541210527692738,
480,31.0,32,0.5149720319797512,0.06541210527692738,69.2
481,86.0,87,0.5142605293200214,0.06541210527692738,
482,10.0,11,0.5135500096962691,0.06541210527692738,
483,49.0,50,0.5128404717502987,0.06541210527692738,
484,119.0,120,0.5121319141257912,0.06541210527692738,
485,12.0,13,0.5114243354683015,0.06541210527692738,
486,35.0,36,0.5107177344252558,0.06541210527692738,
487,108.0,109,0.5100121096459493,0.06541210527692738,
488,118.0,119,0.5093074597815432,0.06541210527692738,
489,31.0,32,0.5086037834850623,0.06541210527692738,
490,19.0,20,0.5079010794113924,0.06541210527692738,
491,99.0,100,0.5071993462172778,0.06541210527692738,
492,184.0,185,0.5064985825613187,0.06541210527692738,
493,55.0,56,0.5057987871039687,0.06541210527692738,
494,44.0,45,0.5050999585075321,0.06541210527692738,
495,69.0,70,0.5044020954361612,0.06541210527692738,
496,65.0,66,0.5037051965558542,0.06541210527692738,
497,22.0,23,0.5030092605344524,0.06541210527692738,
498,87.0,88,0.5023142860416375,0.06541210527692738,
499,43.0,44,0.5016202717489294,0.06541210527692738,
500,36.0,37,0.5009272163296834,0.06541210527692738,67.6
501,67.0,68,0.5002351184590875,0.06541210527692738,
502,132.0,133,0.4995439768141606,0.06541210527692738,
503,60.0,61,0.49885379007374897,0.06541210527692738,
504,28.0,29,0.4981645569185245,0.06541210527692738,
505,18.0,19,0.49747627603098193,0.06541210527692738,
506,10.0,11,0.4967889460954362,0.06541210527692738,
507,39.0,40,0.4961025657980201,0.06541210527692738,
508,167.0,168,0.4954171338266816,0.06541210527692738,
509,53.0,54,0.4947326488711817,0.06541210527692738,
510,183.0,184,0.49404910962309134,0.06541210527692738,
511,43.0,44,0.49336651477578947,0.06541210527692738,
512,99.0,100,0.49268486302446024,0.06541210527692738,
513,72.0,73,0.4920041530660905,0.06541210527692738,
514,145.0,146,0.49132438359946756,0.06541210527692738,
515,62.0,63,0.4906455533251764,0.06541210527692738,
516,49.0,50,0.4899676609455973,0.06541210527692738,
517,58.0,59,0.4892907051649034,0.06541210527692738,
518,27.0,28,0.4886146846890583,0.06541210527692738,
519,35.0,36,0.4879395982258133,0.06541210527692738,
520,28.0,29,0.48726544448470527,0.06541210527692738,97.0
521,104.0,105,0.486592222177054,0.06541210527692738,
522,70.0,71,0.48591993001595973,0.06541210527692738,
523,55.0,56,0.4852485667163007,0.06541210527692738,
524,83.0,84,0.4845781309947307,0.06541210527692738,
525,59.0,60,0.48390862156967673,0.06541210527692738,
526,107.0,108,0.48324003716133646,0.06541210527692738,
527,31.0,32,0.4825723764916756,0.06541210527692738,
528,30.0,31,0.4819056382844259,0.06541210527692738,
529,16.0,17,0.4812398212650822,0.06541210527692738,
530,65.0,66,0.48057492416090036,0.06541210527692738,
531,40.0,41,0.4799109457008947,0.06541210527692738,
532,25.0,26,0.47924788461583556,0.06541210527692738,
533,115.0,116,0.4785857396382469,0.06541210527692738,
534,26.0,27,0.47792450950240384,0.06541210527692738,
535,65.0,66,0.4772641929443303,0.06541210527692738,
536,54.0,55,0.47660478870179657,0.06541210527692738,
537,67.0,68,0.47594629551431683,0.06541210527692738,
538,61.0,62,0.47528871212314683,0.06541210527692738,
539,91.0,92,0.4746320372712814,0.06541210527692738,
540,64.0,65,0.4739762697034521,0.06541210527692738,79.0
541,19.0,20,0.47332140816612484,0.06541210527692738,
542,46.0,47,0.47266745140749744,0.06541210527692738,
543,104.0,105,0.4720143981774973,0.06541210527692738,
544,44.0,45,0.47136224722777886,0.06541210527692738,
545,24.0,25,0.4707109973117214,0.06541210527692738,
546,74.0,75,0.4700606471844265,0.06541210527692738,
547,49.0,50,0.4694111956027158,0.06541210527692738,
548,53.0,54,0.46876264132512857,0.06541210527692738,
549,12.0,13,0.46811498311191924,0.06541210527692738,
550,42.0,43,0.4674682197250552,0.06541210527692738,
551,65.0,66,0.4668223499282143,0.06541210527692738,
552,29.0,30,0.46617737248678254,0.06541210527692738,
553,189.0,190,0.46553328616785167,0.06541210527692738,
554,114.0,115,0.46489008974021695,0.06541210527692738,
555,46.0,47,0.46424778197437466,0.06541210527692738,
556,129.0,130,0.46360636164251984,0.06541210527692738,
557,130.0,131,0.4629658275185438,0.06541210527692738,
558,54.0,55,0.4623261783780321,0.06541210527692738,
559,245.0,246,0.4616874129982617,0.06541210527692738,
560,348.0,349,0.46104953015819916,0.06541210527692738,117.3
561,97.0,98,0.46041252863849796,0.06541210527692738,
562,163.0,164,0.45977640722149626,0.06541210527692738,
563,143.0,144,0.45914116469121463,0.06541210527692738,
564,331.0,332,0.45850679983335363,0.06541210527692738,
565,102.0,103,0.4578733114352916,0.06541210527692738,
566,34.0,35,0.45724069828608216,0.06541210527692738,
567,130.0,131,0.45660895917645217,0.06541210527692738,
568,74.0,75,0.45597809289879915,0.06541210527692738,
569,63.0,64,0.4553480982471891,0.06541210527692738,
570,117.0,118,0.4547189740173542,0.06541210527692738,
571,83.0,84,0.45409071900669057,0.06541210527692738,
572,142.0,143,0.4534633320142557,0.06541210527692738,
573,205.0,206,0.45283681184076646,0.06541210527692738,
574,29.0,30,0.4522111572885967,0.06541210527692738,
575,124.0,125,0.45158636716177486,0.06541210527692738,
576,102.0,103,0.4509624402659819,0.06541210527692738,
577,43.0,44,0.4503393754085489,0.06541210527692738,
578,173.0,174,0.4497171713984546,0.06541210527692738,
579,118.0,119,0.4490958270463234,0.06541210527692738,
580,165.0,166,0.448475341164423,0.06541210527692738,95.4
581,141.0,142,0.4478557125666621,0.06541210527692738,
582,71.0,72,0.44723694006858816,0.06541210527692738,
583,50.0,51,0.446619022487385,0.06541210527692738,
584,110.0,111,0.4460019586418708,0.06541210527692738,
585,134.0,135,0.4453857473524957,0.06541210527692738,
586,119.0,120,0.4447703874413394,0.06541210527692738,
587,132.0,133,0.44415587773210924,0.06541210527692738,
588,133.0,134,0.44354221705013763,0.06541210527692738,
589,156.0,157,0.44292940422238,0.06541210527692738,
590,71.0,72,0.4423174380774125,0.06541210527692738,
591,134.0,135,0.44170631744542965,0.06541210527692738,
592,197.0,198,0.4410960411582424,0.06541210527692738,
593,26.0,27,0.44048660804927564,0.06541210527692738,
594,48.0,49,0.43987801695356593,0.06541210527692738,
595,104.0,105,0.43927026670775954,0.06541210527692738,
596,23.0,24,0.43866335615010993,0.06541210527692738,
597,60.0,61,0.4380572841204758,0.06541210527692738,
598,47.0,48,0.4374520494603186,0.06541210527692738,
599,120.0,121,0.4368476510127006,0.06541210527692738,
600,161.0,162,0.43624408762228245,0.06541210527692738,38.6
601,47.0,48,0.435641358135321,0.06541210527692738,
602,19.0,20,0.4350394613996673,0.06541210527692738,
603,98.0,99,0.43443839626476416,0.06541210527692738,
604,364.0,365,0.433838161581644,0.06541210527692738,
605,36.0,37,0.4332387562029268,0.06541210527692738,
606,106.0,107,0.43264017898281765,0.06541210527692738,
607,20.0,21,0.43204242877710486,0.06541210527692738,
608,71.0,72,0.43144550444315755,0.06541210527692738,
609,58.0,59,0.4308494048399235,0.06541210527692738,
610,210.0,211,0.43025412882792713,0.06541210527692738,
611,37.0,38,0.429659675269267,0.06541210527692738,
612,103.0,104,0.4290660430276141,0.06541210527692738,
613,167.0,168,0.4284732309682091,0.06541210527692738,
614,35.0,36,0.42788123795786076,0.06541210527692738,
615,82.0,83,0.42729006286494337,0.06541210527692738,
616,23.0,24,0.4266997045593947,0.06541210527692738,
617,33.0,34,0.42611016191271395,0.06541210527692738,
618,104.0,105,0.42552143379795937,0.06541210527692738,
619,171.0,172,0.4249335190897463,0.06541210527692738,
620,70.0,71,0.42434641666424494,0.06541210527692738,99.9
621,114.0,115,0.4237601253991782,0.06541210527692738,
622,126.0,127,0.42317464417381956,0.06541210527692738,
623,12.0,13,0.42258997186899094,0.06541210527692738,
624,39.0,40,0.4220061073670606,0.06541210527692738,
625,87.0,88,0.42142304955194093,0.06541210527692738,
626,23.0,24,0.42084079730908625,0.06541210527692738,
627,127.0,128,0.42025934952549093,0.06541210527692738,
628,63.0,64,0.419678705089687,0.06541210527692738,
629,138.0,139,0.4190988628917422,0.06541210527692738,
630,92.0,93,0.4185198218232577,0.06541210527692738,
631,28.0,29,0.41794158077736615,0.06541210527692738,
632,126.0,127,0.41736413864872945,0.06541210527692738,
633,71.0,72,0.4167874943335367,0.06541210527692738,
634,111.0,112,0.416211646729502,0.06541210527692738,
635,195.0,196,0.4156365947358625,0.06541210527692738,
636,168.0,169,0.41506233725337616,0.06541210527692738,
637,280.0,281,0.4144888731843196,0.06541210527692738,
638,193.0,194,0.41391620143248625,0.06541210527692738,
639,153.0,154,0.41334432090318396,0.06541210527692738,
640,84.0,85,0.4127732305032331,0.06541210527692738,113.2
641,56.0,57,0.4122029291409645,0.06541210527692738,
642,50.0,51,0.41163341572621714,0.06541210527692738,
643,39.0,40,0.41106468917033623,0.06541210527692738,
644,93.0,94,0.4104967483861711,0.06541210527692738,
645,140.0,141,0.40992959228807324,0.06541210527692738,
646,13.0,14,0.40936321979189394,0.06541210527692738,
647,116.0,117,0.40879762981498247,0.06541210527692738,
648,158.0,159,0.40823282127618393,0.06541210527692738,
649,34.0,35,0.4076687930958372,0.06541210527692738,
650,14.0,15,0.40710554419577283,0.06541210527692738,
651,128.0,129,0.40654307349931096,0.06541210527692738,
652,12.0,13,0.4059813799312594,0.06541210527692738,
653,32.0,33,0.40542046241791135,0.06541210527692738,
654,30.0,31,0.4048603198870437,0.06541210527692738,
655,29.0,30,0.4043009512679145,0.06541210527692738,
656,155.0,156,0.4037423554912613,0.06541210527692738,
657,153.0,154,0.40318453148929906,0.06541210527692738,
658,221.0,222,0.4026274781957178,0.06541210527692738,
659,52.0,53,0.4020711945456811,0.06541210527692738,
660,189.0,190,0.4015156794758234,0.06541210527692738,55.9
661,48.0,49,0.40096093192424864,0.06541210527692738,
662,26.0,27,0.40040695083052774,0.06541210527692738,
663,13.0,14,0.3998537351356968,0.06541210527692738,
664,101.0,102,0.3993012837822549,0.06541210527692738,
665,13.0,14,0.39874959571416235,0.06541210527692738,
666,36.0,37,0.39819866987683855,0.06541210527692738,
667,113.0,114,0.3976485052171598,0.06541210527692738,
668,11.0,12,0.39709910068345744,0.06541210527692738,
669,172.0,173,0.39655045522551596,0.06541210527692738,
670,151.0,152,0.39600256779457077,0.06541210527692738,
671,75.0,76,0.39545543734330635,0.06541210527692738,
672,79.0,80,0.3949090628258541,0.06541210527692738,
673,24.0,25,0.39436344319779043,0.06541210527692738,
674,184.0,185,0.39381857741613485,0.06541210527692738,
675,17.0,18,0.3932744644393478,0.06541210527692738,
676,39.0,40,0.39273110322732885,0.06541210527692738,
677,110.0,111,0.3921884927414145,0.06541210527692738,
678,59.0,60,0.3916466319443763,0.06541210527692738,
679,14.0,15,0.39110551980041897,0.06541210527692738,
680,67.0,68,0.39056515527517827,0.06541210527692738,52.3
681,166.0,167,0.39002553733571904,0.06541210527692738,
682,27.0,28,0.38948666495053325,0.06541210527692738,
683,12.0,13,0.38894853708953814,0.06541210527692738,
684,19.0,20,0.388411152724074,0.06541210527692738,
685,57.0,58,0.3878745108269025,0.06541210527692738,
686,198.0,199,0.38733861037220446,0.06541210527692738,
687,230.0,231,0.38680345033557806,0.06541210527692738,
688,19.0,20,0.3862690296940368,0.06541210527692738,
689,221.0,222,0.3857353474260076,0.06541210527692738,
690,149.0,150,0.38520240251132887,0.06541210527692738,
691,195.0,196,0.3846701939312484,0.06541210527692738,
692,277.0,278,0.3841387206684216,0.06541210527692738,
693,481.0,482,0.38360798170690935,0.06541210527692738,
694,18.0,19,0.3830779760321764,0.06541210527692738,
695,27.0,28,0.3825487026310891,0.06541210527692738,
696,35.0,36,0.38202016049191345,0.06541210527692738,
697,131.0,132,0.3814923486043136,0.06541210527692738,
698,157.0,158,0.3809652659593493,0.06541210527692738,
699,144.0,145,0.3804389115494745,0.06541210527692738,
700,15.0,16,0.3799132843685351,0.06541210527692738,129.4
701,17.0,18,0.3793883834117672,0.06541210527692738,
702,12.0,13,0.3788642076757951,0.06541210527692738,
703,157.0,158,0.37834075615862933,0.06541210527692738,
704,351.0,352,0.3778180278596649,0.06541210527692738,
705,142.0,143,0.37729602177967925,0.06541210527692738,
706,66.0,67,0.37677473692083036,0.06541210527692738,
707,86.0,87,0.37625417228665486,0.06541210527692738,
708,120.0,121,0.37573432688206615,0.06541210527692738,
709,38.0,39,0.3752151997133525,0.06541210527692738,
710,221.0,222,0.37469678978817506,0.06541210527692738,
711,85.0,86,0.3741790961155661,0.06541210527692738,
712,500.0,500,0.373662117705927,0.06541210527692738,
713,176.0,177,0.3731458535710264,0.06541210527692738,
714,102.0,103,0.3726303027239984,0.06541210527692738,
715,55.0,56,0.3721154641793404,0.06541210527692738,
716,100.0,101,0.37160133695291153,0.06541210527692738,
717,148.0,149,0.3710879200619307,0.06541210527692738,
718,14.0,15,0.37057521252497455,0.06541210527692738,
719,156.0,157,0.37006321336197573,0.06541210527692738,
720,131.0,132,0.36955192159422096,0.06541210527692738,243.4
721,257.0,258,0.36904133624434926,0.06541210527692738,
722,39.0,40,0.3685314563363499,0.06541210527692738,
723,21.0,22,0.3680222808955607,0.06541210527692738,
724,194.0,195,0.36751380894866614,0.06541210527692738,
725,184.0,185,0.36700603952369537,0.06541210527692738,
726,71.0,72,0.3664989716500205,0.06541210527692738,
727,74.0,75,0.36599260435835473,0.06541210527692738,
728,82.0,83,0.3654869366807504,0.06541210527692738,
729,17.0,18,0.3649819676505972,0.06541210527692738,
730,140.0,141,0.3644776963026204,0.06541210527692738,
731,65.0,66,0.3639741216728788,0.06541210527692738,
732,164.0,165,0.3634712427987631,0.06541210527692738,
733,56.0,57,0.36296905871899393,0.06541210527692738,
734,467.0,468,0.3624675684736201,0.06541210527692738,
735,97.0,98,0.36196677110401676,0.06541210527692738,
736,368.0,369,0.3614666656528834,0.06541210527692738,
737,15.0,16,0.3609672511642422,0.06541210527692738,
738,49.0,50,0.36046852668343626,0.06541210527692738,
739,399.0,400,0.3599704912571275,0.06541210527692738,
740,24.0,25,0.35947314393329505,0.06541210527692738,155.2
741,128.0,129,0.3589764837612335,0.06541210527692738,
742,317.0,318,0.35848050979155077,0.06541210527692738,
743,248.0,249,0.3579852210761667,0.06541210527692738,
744,183.0,184,0.3574906166683109,0.06541210527692738,
745,325.0,326,0.3569966956225211,0.06541210527692738,
746,394.0,395,0.3565034569946413,0.06541210527692738,
747,16.0,17,0.35601089984182,0.06541210527692738,
748,114.0,115,0.3555190232225084,0.06541210527692738,
749,55.0,56,0.35502782619645845,0.06541210527692738,
750,47.0,48,0.35453730782472137,0.06541210527692738,
751,171.0,172,0.35404746716964547,0.06541210527692738,
752,117.0,118,0.3535583032948747,0.06541210527692738,
753,37.0,38,0.35306981526534664,0.06541210527692738,
754,107.0,108,0.3525820021472908,0.06541210527692738,
755,123.0,124,0.35209486300822684,0.06541210527692738,
756,48.0,49,0.3516083969169627,0.06541210527692738,
757,184.0,185,0.351122602943593,0.06541210527692738,
758,296.0,297,0.350637480159497,0.06541210527692738,
759,259.0,260,0.350153027637337,0.06541210527692738,
760,109.0,110,0.34966924445105674,0.06541210527692738,88.8
761,47.0,48,0.3491861296758792,0.06541210527692738,
762,204.0,205,0.3487036823883051,0.06541210527692738,
763,295.0,296,0.3482219016661113,0.06541210527692738,
764,61.0,62,0.3477407865883485,0.06541210527692738,
765,128.0,129,0.3472603362353401,0.06541210527692738,
766,389.0,390,0.34678054968868,0.06541210527692738,
767,313.0,314,0.3463014260312311,0.06541210527692738,
768,109.0,110,0.34582296434712334,0.06541210527692738,
769,20.0,21,0.3453451637217521,0.06541210527692738,
770,94.0,95,0.3448680232417765,0.06541210527692738,
771,79.0,80,0.34439154199511746,0.06541210527692738,
772,221.0,222,0.343915719070956,0.06541210527692738,
773,36.0,37,0.34344055355973174,0.06541210527692738,
774,30.0,31,0.34296604455314084,0.06541210527692738,
775,14.0,15,0.34249219114413443,0.06541210527692738,
776,256.0,257,0.3420189924269169,0.06541210527692738,
777,308.0,309,0.34154644749694407,0.06541210527692738,
778,19.0,20,0.3410745554509215,0.06541210527692738,
779,31.0,32,0.34060331538680283,0.06541210527692738,
780,72.0,73,0.3401327264037879,0.06541210527692738,82.2
781,227.0,228,0.3396627876023212,0.06541210527692738,
782,54.0,55,0.3391934980840901,0.06541210527692738,
783,426.0,427,0.33872485695202303,0.06541210527692738,
784,185.0,186,0.3382568633102879,0.06541210527692738,
785,276.0,277,0.3377895162642903,0.06541210527692738,
786,153.0,154,0.3373228149206719,0.06541210527692738,
787,491.0,492,0.3368567583873085,0.06541210527692738,
788,136.0,137,0.33639134577330865,0.06541210527692738,
789,133.0,134,0.3359265761890117,0.06541210527692738,
790,150.0,151,0.33546244874598624,0.06541210527692738,
791,167.0,168,0.33499896255702827,0.06541210527692738,
792,113.0,114,0.3345361167361597,0.06541210527692738,
793,189.0,190,0.3340739103986264,0.06541210527692738,
794,89.0,90,0.33361234266089673,0.06541210527692738,
795,207.0,208,0.3331514126406598,0.06541210527692738,
796,173.0,174,0.33269111945682356,0.06541210527692738,
797,113.0,114,0.33223146222951355,0.06541210527692738,
798,163.0,164,0.3317724400800709,0.06541210527692738,
799,279.0,280,0.33131405213105064,0.06541210527692738,
800,213.0,214,0.33085629750622014,0.06541210527692738,128.4
801,125.0,126,0.33039917533055746,0.06541210527692738,
802,189.0,190,0.32994268473024957,0.06541210527692738,
803,162.0,163,0.32948682483269076,0.06541210527692738,
804,53.0,54,0.3290315947664809,0.06541210527692738,
805,117.0,118,0.32857699366142384,0.06541210527692738,
806,32.0,33,0.3281230206485257,0.06541210527692738,
807,31.0,32,0.3276696748599933,0.06541210527692738,
808,62.0,63,0.3272169554292324,0.06541210527692738,
809,173.0,174,0.326764861490846,0.06541210527692738,
810,11.0,12,0.3263133921806328,0.06541210527692738,
811,12.0,13,0.32586254663558567,0.06541210527692738,
812,15.0,16,0.3254123239938896,0.06541210527692738,
813,25.0,26,0.3249627233949204,0.06541210527692738,
814,13.0,14,0.32451374397924293,0.06541210527692738,
815,34.0,35,0.3240653848886095,0.06541210527692738,
816,156.0,157,0.32361764526595815,0.06541210527692738,
817,103.0,104,0.3231705242554112,0.06541210527692738,
818,144.0,145,0.3227240210022733,0.06541210527692738,
819,388.0,389,0.3222781346530301,0.06541210527692738,
820,11.0,12,0.32183286435534647,0.06541210527692738,187.9
821,230.0,231,0.3213882092580648,0.06541210527692738,
822,393.0,394,0.32094416851120366,0.06541210527692738,
823,500.0,500,0.3205007412659558,0.06541210527692738,
824,212.0,213,0.3200579266746868,0.06541210527692738,
825,140.0,141,0.31961572389093335,0.06541210527692738,
826,306.0,307,0.3191741320694016,0.06541210527692738,
827,152.0,153,0.3187331503659656,0.06541210527692738,
828,129.0,130,0.31829277793766575,0.06541210527692738,
829,27.0,28,0.31785301394270704,0.06541210527692738,
830,101.0,102,0.31741385754045753,0.06541210527692738,
831,99.0,100,0.3169753078914467,0.06541210527692738,
832,44.0,45,0.3165373641573639,0.06541210527692738,
833,109.0,110,0.3161000255010567,0.06541210527692738,
834,200.0,201,0.31566329108652935,0.06541210527692738,
835,205.0,206,0.3152271600789411,0.06541210527692738,
836,417.0,418,0.3147916316446046,0.06541210527692738,
837,59.0,60,0.31435670495098444,0.06541210527692738,
838,208.0,209,0.31392237916669546,0.06541210527692738,
839,24.0,25,0.31348865346150107,0.06541210527692738,
840,158.0,159,0.3130555270063119,0.06541210527692738,85.9
841,118.0,119,0.31262299897318396,0.06541210527692738,
842,64.0,65,0.31219106853531725,0.06541210527692738,
843,75.0,76,0.3117597348670541,0.06541210527692738,
844,26.0,27,0.3113289971438776,0.06541210527692738,
845,299.0,300,0.3108988545424099,0.06541210527692738,
846,192.0,193,0.3104693062404109,0.06541210527692738,
847,198.0,199,0.31004035141677655,0.06541210527692738,
848,125.0,126,0.30961198925153716,0.06541210527692738,
849,429.0,430,0.30918421892585596,0.06541210527692738,
850,23.0,24,0.30875703962202755,0.06541210527692738,
851,212.0,213,0.3083304505234763,0.06541210527692738,
852,36.0,37,0.3079044508147547,0.06541210527692738,
853,197.0,198,0.30747903968154205,0.06541210527692738,
854,500.0,500,0.3070542163106426,0.06541210527692738,
855,139.0,140,0.30662997988998425,0.06541210527692738,
856,107.0,108,0.30620632960861677,0.06541210527692738,
857,301.0,302,0.30578326465671046,0.06541210527692738,
858,13.0,14,0.30536078422555446,0.06541210527692738,
859,93.0,94,0.30493888750755527,0.06541210527692738,
860,223.0,224,0.30451757369623517,0.06541210527692738,181.2
861,146.0,147,0.30409684198623066,0.06541210527692738,
862,17.0,18,0.3036766915732911,0.06541210527692738,
863,69.0,70,0.3032571216542769,0.06541210527692738,
864,52.0,53,0.3028381314271581,0.06541210527692738,
865,41.0,42,0.302419720091013,0.06541210527692738,
866,47.0,48,0.3020018868460263,0.06541210527692738,
867,14.0,15,0.3015846308934879,0.06541210527692738,
868,47.0,48,0.3011679514357911,0.06541210527692738,
869,11.0,12,0.3007518476764313,0.06541210527692738,
870,13.0,14,0.30033631882000433,0.06541210527692738,
871,12.0,13,0.299921364072205,0.06541210527692738,
872,35.0,36,0.2995069826398255,0.06541210527692738,
873,155.0,156,0.299093173730754,0.06541210527692738,
874,114.0,115,0.29867993655397307,0.06541210527692738,
875,104.0,105,0.2982672703195582,0.06541210527692738,
876,92.0,93,0.2978551742386762,0.06541210527692738,
877,114.0,115,0.29744364752358377,0.06541210527692738,
878,160.0,161,0.29703268938762606,0.06541210527692738,
879,76.0,77,0.296622299045235,0.06541210527692738,
880,32.0,33,0.296212475711928,0.06541210527692738,91.9
881,214.0,215,0.29580321860430614,0.06541210527692738,
882,147.0,148,0.2953945269400531,0.06541210527692738,
883,178.0,179,0.29498639993793324,0.06541210527692738,
884,428.0,429,0.29457883681779046,0.06541210527692738,
885,402.0,403,0.2941718368005464,0.06541210527692738,
886,500.0,500,0.29376539910819927,0.06541210527692738,
887,152.0,153,0.293359522963822,0.06541210527692738,
888,173.0,174,0.29295420759156116,0.06541210527692738,
889,105.0,106,0.29254945221663503,0.06541210527692738,
890,70.0,71,0.2921452560653326,0.06541210527692738,
891,117.0,118,0.2917416183650116,0.06541210527692738,
892,107.0,108,0.2913385383440975,0.06541210527692738,
893,53.0,54,0.2909360152320817,0.06541210527692738,
894,140.0,141,0.29053404825952006,0.06541210527692738,
895,120.0,121,0.2901326366580317,0.06541210527692738,
896,230.0,231,0.2897317796602973,0.06541210527692738,
897,174.0,175,0.28933147650005764,0.06541210527692738,
898,17.0,18,0.28893172641211223,0.06541210527692738,
899,12.0,13,0.2885325286323178,0.06541210527692738,
900,57.0,58,0.2881338823975869,0.06541210527692738,153.3
901,10.0,11,0.28773578694588636,0.06541210527692738,
902,169.0,170,0.28733824151623577,0.06541210527692738,
903,154.0,155,0.2869412453487062,0.06541210527692738,
904,69.0,70,0.28654479768441865,0.06541210527692738,
905,84.0,85,0.28614889776554264,0.06541210527692738,
906,303.0,304,0.2857535448352947,0.06541210527692738,
907,171.0,172,0.285358738137937,0.06541210527692738,
908,26.0,27,0.28496447691877574,0.06541210527692738,
909,35.0,36,0.28457076042416,0.06541210527692738,
910,127.0,128,0.28417758790148007,0.06541210527692738,
911,160.0,161,0.28378495859916597,0.06541210527692738,
912,174.0,175,0.2833928717666862,0.06541210527692738,
913,235.0,236,0.28300132665454625,0.06541210527692738,
914,97.0,98,0.2826103225142871,0.06541210527692738,
915,226.0,227,0.28221985859848375,0.06541210527692738,
916,184.0,185,0.28182993416074403,0.06541210527692738,
917,123.0,124,0.28144054845570693,0.06541210527692738,
918,147.0,148,0.2810517007390412,0.06541210527692738,
919,201.0,202,0.280663390267444,0.06541210527692738,
920,16.0,17,0.2802756162986396,0.06541210527692738,48.2
921,70.0,71,0.2798883780913777,0.06541210527692738,
922,173.0,174,0.27950167490543204,0.06541210527692738,
923,42.0,43,0.2791155060015993,0.06541210527692738,
924,75.0,76,0.27872987064169735,0.06541210527692738,
925,15.0,16,0.27834476808856395,0.06541210527692738,
926,147.0,148,0.2779601976060554,0.06541210527692738,
927,120.0,121,0.277576158459045,0.06541210527692738,
928,101.0,102,0.2771926499134218,0.06541210527692738,
929,12.0,13,0.27680967123608907,0.06541210527692738,
930,104.0,105,0.27642722169496303,0.06541210527692738,
931,135.0,136,0.2760453005589713,0.06541210527692738,
932,217.0,218,0.2756639070980516,0.06541210527692738,
933,120.0,121,0.27528304058315034,0.06541210527692738,
934,156.0,157,0.27490270028622116,0.06541210527692738,
935,21.0,22,0.27452288548022363,0.06541210527692738,
936,21.0,22,0.27414359543912187,0.06541210527692738,
937,149.0,150,0.273764829437883,0.06541210527692738,
938,138.0,139,0.273386586752476,0.06541210527692738,
939,115.0,116,0.2730088666598701,0.06541210527692738,
940,118.0,119,0.2726316684380336,0.06541210527692738,168.6
941,164.0,165,0.27225499136593223,0.06541210527692738,
942,125.0,126,0.27187883472352803,0.06541210527692738,
943,15.0,16,0.2715031977917779,0.06541210527692738,
944,107.0,108,0.27112807985263204,0.06541210527692738,
945,164.0,165,0.27075348018903295,0.06541210527692738,
946,110.0,111,0.2703793980849136,0.06541210527692738,
947,57.0,58,0.2700058328251965,0.06541210527692738,
948,12.0,13,0.2696327836957921,0.06541210527692738,
949,12.0,13,0.2692602499835973,0.06541210527692738,
950,53.0,54,0.2688882309764945,0.06541210527692738,
951,94.0,95,0.2685167259633498,0.06541210527692738,
952,33.0,34,0.26814573423401183,0.06541210527692738,
953,118.0,119,0.2677752550793105,0.06541210527692738,
954,49.0,50,0.26740528779105543,0.06541210527692738,
955,16.0,17,0.26703583166203476,0.06541210527692738,
956,43.0,44,0.26666688598601374,0.06541210527692738,
957,125.0,126,0.26629845005773334,0.06541210527692738,
958,12.0,13,0.26593052317290894,0.06541210527692738,
959,118.0,119,0.265563104628229,0.06541210527692738,
960,111.0,112,0.2651961937213538,0.06541210527692738,116.0
961,156.0,157,0.26482978975091376,0.06541210527692738,
962,18.0,19,0.26446389201650855,0.06541210527692738,
963,142.0,143,0.2640984998187054,0.06541210527692738,
964,156.0,157,0.26373361245903804,0.06541210527692738,
965,143.0,144,0.26336922924000505,0.06541210527692738,
966,157.0,158,0.2630053494650688,0.06541210527692738,
967,143.0,144,0.2626419724386541,0.06541210527692738,
968,114.0,115,0.26227909746614664,0.06541210527692738,
969,12.0,13,0.26191672385389186,0.06541210527692738,
970,125.0,126,0.2615548509091936,0.06541210527692738,
971,500.0,500,0.2611934779403128,0.06541210527692738,
972,315.0,316,0.260832604256466,0.06541210527692738,
973,126.0,127,0.26047222916782425,0.06541210527692738,
974,31.0,32,0.2601123519855117,0.06541210527692738,
975,11.0,12,0.2597529720216042,0.06541210527692738,
976,102.0,103,0.2593940885891281,0.06541210527692738,
977,13.0,14,0.2590357010020589,0.06541210527692738,
978,64.0,65,0.25867780857531997,0.06541210527692738,
979,99.0,100,0.25832041062478106,0.06541210527692738,
980,12.0,13,0.25796350646725735,0.06541210527692738,145.0
981,181.0,182,0.25760709542050775,0.06541210527692738,
982,54.0,55,0.2572511768032339,0.06541210527692738,
983,137.0,138,0.25689574993507863,0.06541210527692738,
984,167.0,168,0.2565408141366249,0.06541210527692738,
985,125.0,126,0.25618636872939426,0.06541210527692738,
986,159.0,160,0.25583241303584575,0.06541210527692738,
987,125.0,126,0.2554789463793745,0.06541210527692738,
988,139.0,140,0.2551259680843105,0.06541210527692738,
989,13.0,14,0.2547734774759171,0.06541210527692738,
990,110.0,111,0.2544214738803901,0.06541210527692738,
991,67.0,68,0.25406995662485615,0.06541210527692738,
992,12.0,13,0.2537189250373716,0.06541210527692738,
993,74.0,75,0.2533683784469211,0.06541210527692738,
994,99.0,100,0.2530183161834165,0.06541210527692738,
995,158.0,159,0.2526687375776954,0.06541210527692738,
996,75.0,76,0.25231964196151996,0.06541210527692738,
997,151.0,152,0.2519710286675756,0.06541210527692738,
998,434.0,435,0.2516228970294697,0.06541210527692738,
999,122.0,123,0.25127524638173043,0.06541210527692738,
1000,142.0,143,0.25092807605980527,0.06541210527692738,142.1
1001,166.0,167,0.25058138540006,0.06541210527692738,
1002,220.0,221,0.25023517373977716,0.06541210527692738,
1003,184.0,185,0.2498894404171551,0.06541210527692738,
1004,52.0,53,0.2495441847713064,0.06541210527692738,
1005,133.0,134,0.24919940614225677,0.06541210527692738,
1006,115.0,116,0.24885510387094378,0.06541210527692738,
1007,98.0,99,0.2485112772992156,0.06541210527692738,
1008,105.0,106,0.24816792576982966,0.06541210527692738,
1009,118.0,119,0.24782504862645152,0.06541210527692738,
1010,120.0,121,0.24748264521365354,0.06541210527692738,
1011,164.0,165,0.24714071487691364,0.06541210527692738,
1012,133.0,134,0.24679925696261404,0.06541210527692738,
1013,63.0,64,0.24645827081804,0.06541210527692738,
1014,115.0,116,0.24611775579137865,0.06541210527692738,
1015,114.0,115,0.24577771123171765,0.06541210527692738,
1016,139.0,140,0.245438136489044,0.06541210527692738,
1017,122.0,123,0.24509903091424273,0.06541210527692738,
1018,112.0,113,0.24476039385909576,0.06541210527692738,
1019,16.0,17,0.2444222246762806,0.06541210527692738,
1020,14.0,15,0.24408452271936915,0.06541210527692738,28.5
1021,19.0,20,0.24374728734282636,0.06541210527692738,
1022,14.0,15,0.24341051790200913,0.06541210527692738,
1023,14.0,15,0.243074213753165,0.06541210527692738,
1024,120.0,121,0.24273837425343098,0.06541210527692738,
1025,107.0,108,0.2424029987608322,0.06541210527692738,
1026,123.0,124,0.24206808663428087,0.06541210527692738,
1027,13.0,14,0.24173363723357486,0.06541210527692738,
1028,46.0,47,0.2413996499193966,0.06541210527692738,
1029,104.0,105,0.24106612405331182,0.06541210527692738,
1030,139.0,140,0.24073305899776834,0.06541210527692738,
1031,79.0,80,0.24040045411609484,0.06541210527692738,
1032,17.0,18,0.24006830877249963,0.06541210527692738,
1033,15.0,16,0.23973662233206947,0.06541210527692738,
1034,17.0,18,0.2394053941607683,0.06541210527692738,
1035,17.0,18,0.23907462362543613,0.06541210527692738,
1036,82.0,83,0.23874431009378771,0.06541210527692738,
1037,109.0,110,0.23841445293441144,0.06541210527692738,
1038,95.0,96,0.238085051516768,0.06541210527692738,
1039,142.0,143,0.23775610521118934,0.06541210527692738,
1040,31.0,32,0.23742761338887733,0.06541210527692738,88.7
1041,97.0,98,0.2370995754219026,0.06541210527692738,
1042,13.0,14,0.2367719906832034,0.06541210527692738,
1043,17.0,18,0.2364448585465843,0.06541210527692738,
1044,17.0,18,0.2361181783867151,0.06541210527692738,
1045,16.0,17,0.23579194957912947,0.06541210527692738,
1046,16.0,17,0.23546617150022398,0.06541210527692738,
1047,79.0,80,0.23514084352725673,0.06541210527692738,
1048,466.0,467,0.23481596503834626,0.06541210527692738,
1049,13.0,14,0.23449153541247025,0.06541210527692738,
1050,9.0,10,0.2341675540294645,0.03270605263846369,
1051,160.0,161,0.23384402027002155,0.03270605263846369,
1052,86.0,87,0.2335209335156897,0.03270605263846369,
1053,210.0,211,0.23319829314887164,0.03270605263846369,
1054,175.0,176,0.2328760985528234,0.03270605263846369,
1055,179.0,180,0.2325543491116531,0.03270605263846369,
1056,500.0,500,0.2322330442103198,0.03270605263846369,
1057,295.0,296,0.2319121832346323,0.03270605263846369,
1058,500.0,500,0.23159176557124808,0.03270605263846369,
1059,77.0,78,0.23127179060767195,0.03270605263846369,
1060,268.0,269,0.23095225773225495,0.03270605263846369,442.1
1061,246.0,247,0.23063316633419326,0.03270605263846369,
1062,500.0,500,0.2303145158035269,0.03270605263846369,
1063,446.0,447,0.2299963055311387,0.03270605263846369,
1064,422.0,423,0.22967853490875303,0.03270605263846369,
1065,500.0,500,0.22936120332893467,0.03270605263846369,
1066,159.0,160,0.22904431018508764,0.03270605263846369,
1067,137.0,138,0.22872785487145408,0.03270605263846369,
1068,166.0,167,0.22841183678311308,0.03270605263846369,
1069,174.0,175,0.22809625531597946,0.03270605263846369,
1070,128.0,129,0.22778110986680272,0.03270605263846369,
1071,318.0,319,0.2274663998331658,0.03270605263846369,
1072,11.0,12,0.22715212461348394,0.03270605263846369,
1073,111.0,112,0.2268382836070036,0.03270605263846369,
1074,273.0,274,0.22652487621380119,0.03270605263846369,
1075,174.0,175,0.22621190183478207,0.03270605263846369,
1076,151.0,152,0.2258993598716793,0.03270605263846369,
1077,234.0,235,0.22558724972705252,0.03270605263846369,
1078,88.0,89,0.2252755708042868,0.03270605263846369,
1079,36.0,37,0.22496432250759157,0.03270605263846369,
1080,139.0,140,0.22465350424199934,0.03270605263846369,458.4
1081,345.0,346,0.2243431154133647,0.03270605263846369,
1082,500.0,500,0.22403315542836316,0.03270605263846369,
1083,414.0,415,0.2237236236944899,0.03270605263846369,
1084,147.0,148,0.2234145196200588,0.03270605263846369,
1085,68.0,69,0.2231058426142012,0.03270605263846369,
1086,500.0,500,0.22279759208686478,0.03270605263846369,
1087,98.0,99,0.22248976744881255,0.03270605263846369,
1088,19.0,20,0.22218236811162154,0.03270605263846369,
1089,81.0,82,0.2218753934876818,0.03270605263846369,
1090,162.0,163,0.2215688429901952,0.03270605263846369,
1091,359.0,360,0.2212627160331744,0.03270605263846369,
1092,259.0,260,0.2209570120314417,0.03270605263846369,
1093,456.0,457,0.22065173040062783,0.03270605263846369,
1094,500.0,500,0.22034687055717095,0.03270605263846369,
1095,138.0,139,0.22004243191831546,0.03270605263846369,
1096,500.0,500,0.21973841390211096,0.03270605263846369,
1097,198.0,199,0.21943481592741104,0.03270605263846369,
1098,500.0,500,0.21913163741387226,0.03270605263846369,
1099,327.0,328,0.21882887778195298,0.03270605263846369,
1100,500.0,500,0.2185265364529123,0.03270605263846369,150.5
1101,185.0,186,0.2182246128488089,0.03270605263846369,
1102,143.0,144,0.21792310639249995,0.03270605263846369,
1103,279.0,280,0.2176220165076401,0.03270605263846369,
1104,143.0,144,0.2173213426186802,0.03270605263846369,
1105,185.0,186,0.21702108415086632,0.03270605263846369,
1106,114.0,115,0.2167212405302387,0.03270605263846369,
1107,125.0,126,0.2164218111836305,0.03270605263846369,
1108,118.0,119,0.2161227955386668,0.03270605263846369,
1109,217.0,218,0.21582419302376357,0.03270605263846369,
1110,109.0,110,0.2155260030681264,0.03270605263846369,
1111,110.0,111,0.21522822510174952,0.03270605263846369,
1112,118.0,119,0.21493085855541477,0.03270605263846369,
1113,131.0,132,0.2146339028606904,0.03270605263846369,
1114,146.0,147,0.21433735744993,0.03270605263846369,
1115,500.0,500,0.21404122175627144,0.03270605263846369,
1116,128.0,129,0.21374549521363584,0.03270605263846369,
1117,186.0,187,0.2134501772567264,0.03270605263846369,
1118,188.0,189,0.21315526732102738,0.03270605263846369,
1119,313.0,314,0.21286076484280292,0.03270605263846369,
1120,500.0,500,0.21256666925909612,0.03270605263846369,422.2
1121,328.0,329,0.21227298000772782,0.03270605263846369,
1122,269.0,270,0.21197969652729562,0.03270605263846369,
1123,127.0,128,0.21168681825717278,0.03270605263846369,
1124,324.0,325,0.21139434463750711,0.03270605263846369,
1125,186.0,187,0.21110227510921994,0.03270605263846369,
1126,500.0,500,0.21081060911400504,0.03270605263846369,
1127,213.0,214,0.21051934609432757,0.03270605263846369,
1128,142.0,143,0.210228485493423,0.03270605263846369,
1129,131.0,132,0.209938026755296,0.03270605263846369,
1130,355.0,356,0.2096479693247195,0.03270605263846369,
1131,174.0,175,0.20935831264723348,0.03270605263846369,
1132,127.0,128,0.209069056169144,0.03270605263846369,
1133,114.0,115,0.20878019933752215,0.03270605263846369,
1134,40.0,41,0.20849174160020292,0.03270605263846369,
1135,220.0,221,0.20820368240578424,0.03270605263846369,
1136,194.0,195,0.20791602120362584,0.03270605263846369,
1137,500.0,500,0.20762875744384826,0.03270605263846369,
1138,141.0,142,0.20734189057733174,0.03270605263846369,
1139,192.0,193,0.2070554200557152,0.03270605263846369,
1140,500.0,500,0.20676934533139524,0.03270605263846369,358.6
1141,500.0,500,0.20648366585752498,0.03270605263846369,
1142,112.0,113,0.20619838108801317,0.03270605263846369,
1143,169.0,170,0.20591349047752297,0.03270605263846369,
1144,128.0,129,0.20562899348147104,0.03270605263846369,
1145,212.0,213,0.20534488955602645,0.03270605263846369,
1146,223.0,224,0.20506117815810965,0.03270605263846369,
1147,120.0,121,0.20477785874539142,0.03270605263846369,
1148,117.0,118,0.20449493077629186,0.03270605263846369,
1149,73.0,74,0.2042123937099793,0.03270605263846369,
1150,79.0,80,0.20393024700636928,0.03270605263846369,
1151,126.0,127,0.20364849012612363,0.03270605263846369,
1152,50.0,51,0.20336712253064926,0.03270605263846369,
1153,500.0,500,0.20308614368209726,0.03270605263846369,
1154,254.0,255,0.20280555304336184,0.03270605263846369,
1155,151.0,152,0.20252535007807929,0.03270605263846369,
1156,133.0,134,0.20224553425062688,0.03270605263846369,
1157,134.0,135,0.20196610502612203,0.03270605263846369,
1158,144.0,145,0.2016870618704211,0.03270605263846369,
1159,134.0,135,0.20140840425011847,0.03270605263846369,
1160,121.0,122,0.20113013163254548,0.03270605263846369,130.0
1161,203.0,204,0.2008522434857694,0.03270605263846369,
1162,450.0,451,0.2005747392785925,0.03270605263846369,
1163,148.0,149,0.20029761848055094,0.03270605263846369,
1164,96.0,97,0.20002088056191375,0.03270605263846369,
1165,166.0,167,0.19974452499368187,0.03270605263846369,
1166,128.0,129,0.19946855124758714,0.03270605263846369,
1167,42.0,43,0.19919295879609128,0.03270605263846369,
1168,12.0,13,0.19891774711238486,0.03270605263846369,
1169,15.0,16,0.1986429156703863,0.03270605263846369,
1170,122.0,123,0.19836846394474092,0.03270605263846369,
1171,24.0,25,0.1980943914108198,0.03270605263846369,
1172,93.0,94,0.19782069754471895,0.03270605263846369,
1173,99.0,100,0.19754738182325818,0.03270605263846369,
1174,107.0,108,0.19727444372398015,0.03270605263846369,
1175,33.0,34,0.19700188272514937,0.03270605263846369,
1176,126.0,127,0.19672969830575118,0.03270605263846369,
1177,115.0,116,0.1964578899454908,0.03270605263846369,
1178,126.0,127,0.19618645712479227,0.03270605263846369,
1179,126.0,127,0.19591539932479754,0.03270605263846369,
1180,158.0,159,0.19564471602736538,0.03270605263846369,159.3
1181,220.0,221,0.1953744067150705,0.03270605263846369,
1182,406.0,407,0.19510447087120245,0.03270605263846369,
1183,410.0,411,0.19483490797976472,0.03270605263846369,
1184,32.0,33,0.1945657175254737,0.03270605263846369,
1185,266.0,267,0.19429689899375768,0.03270605263846369,
1186,105.0,106,0.19402845187075599,0.03270605263846369,
1187,196.0,197,0.19376037564331783,0.03270605263846369,
1188,232.0,233,0.19349266979900145,0.03270605263846369,
1189,142.0,143,0.1932253338260731,0.03270605263846369,
1190,119.0,120,0.192958367213506,0.03270605263846369,
1191,135.0,136,0.19269176945097952,0.03270605263846369,
1192,123.0,124,0.19242554002887802,0.03270605263846369,
1193,120.0,121,0.19215967843829,0.03270605263846369,
1194,135.0,136,0.19189418417100707,0.03270605263846369,
1195,119.0,120,0.19162905671952304,0.03270605263846369,
1196,107.0,108,0.19136429557703288,0.03270605263846369,
1197,59.0,60,0.19109990023743176,0.03270605263846369,
1198,101.0,102,0.19083587019531412,0.03270605263846369,
1199,127.0,128,0.19057220494597268,0.03270605263846369,
1200,145.0,146,0.1903089039853975,0.03270605263846369,47.5
1201,11.0,12,0.19004596681027497,0.03270605263846369,
1202,500.0,500,0.1897833929179869,0.03270605263846369,
1203,186.0,187,0.1895211818066095,0.03270605263846369,
1204,101.0,102,0.18925933297491251,0.03270605263846369,
1205,136.0,137,0.18899784592235813,0.03270605263846369,
1206,104.0,105,0.18873672014910015,0.03270605263846369,
1207,161.0,162,0.18847595515598292,0.03270605263846369,
1208,169.0,170,0.18821555044454052,0.03270605263846369,
1209,74.0,75,0.1879555055169957,0.03270605263846369,
1210,234.0,235,0.18769581987625888,0.03270605263846369,
1211,205.0,206,0.1874364930259274,0.03270605263846369,
1212,20.0,21,0.18717752447028435,0.03270605263846369,
1213,281.0,282,0.18691891371429775,0.03270605263846369,
1214,133.0,134,0.18666066026361958,0.03270605263846369,
1215,500.0,500,0.18640276362458483,0.03270605263846369,
1216,500.0,500,0.18614522330421052,0.03270605263846369,
1217,399.0,400,0.18588803881019483,0.03270605263846369,
1218,294.0,295,0.18563120965091615,0.03270605263846369,
1219,306.0,307,0.185374735335432,0.03270605263846369,
1220,167.0,168,0.18511861537347832,0.03270605263846369,122.6
1221,48.0,49,0.18486284927546837,0.03270605263846369,
1222,124.0,125,0.18460743655249182,0.03270605263846369,
1223,125.0,126,0.18435237671631385,0.03270605263846369,
1224,121.0,122,0.1840976692793742,0.03270605263846369,
1225,42.0,43,0.18384331375478627,0.03270605263846369,
1226,132.0,133,0.1835893096563361,0.03270605263846369,
1227,181.0,182,0.18333565649848158,0.03270605263846369,
1228,40.0,41,0.18308235379635135,0.03270605263846369,
1229,189.0,190,0.182829401065744,0.03270605263846369,
1230,211.0,212,0.18257679782312713,0.03270605263846369,
1231,117.0,118,0.1823245435856364,0.03270605263846369,
1232,199.0,200,0.1820726378710746,0.03270605263846369,
1233,115.0,116,0.18182108019791077,0.03270605263846369,
1234,159.0,160,0.18156987008527917,0.03270605263846369,
1235,101.0,102,0.18131900705297851,0.03270605263846369,
1236,119.0,120,0.18106849062147098,0.03270605263846369,
1237,116.0,117,0.18081832031188125,0.03270605263846369,
1238,17.0,18,0.18056849564599564,0.03270605263846369,
1239,43.0,44,0.18031901614626122,0.03270605263846369,
1240,35.0,36,0.18006988133578483,0.03270605263846369,99.7
1241,126.0,127,0.17982109073833222,0.03270605263846369,
1242,130.0,131,0.17957264387832708,0.03270605263846369,
1243,116.0,117,0.17932454028085024,0.03270605263846369,
1244,116.0,117,0.17907677947163864,0.03270605263846369,
1245,121.0,122,0.17882936097708452,0.03270605263846369,
1246,100.0,101,0.17858228432423442,0.03270605263846369,
1247,99.0,100,0.17833554904078838,0.03270605263846369,
1248,119.0,120,0.17808915465509895,0.03270605263846369,
1249,115.0,116,0.17784310069617035,0.03270605263846369,
1250,123.0,124,0.17759738669365752,0.03270605263846369,
1251,71.0,72,0.17735201217786525,0.03270605263846369,
1252,100.0,101,0.17710697667974729,0.03270605263846369,
1253,120.0,121,0.17686227973090543,0.03270605263846369,
1254,143.0,144,0.17661792086358863,0.03270605263846369,
1255,500.0,500,0.17637389961069208,0.03270605263846369,
1256,500.0,500,0.17613021550575636,0.03270605263846369,
1257,392.0,393,0.17588686808296652,0.03270605263846369,
1258,185.0,186,0.1756438568771512,0.03270605263846369,
1259,121.0,122,0.17540118142378172,0.03270605263846369,
1260,121.0,122,0.17515884125897124,0.03270605263846369,86.9
1261,125.0,126,0.17491683591947382,0.03270605263846369,
1262,149.0,150,0.17467516494268354,0.03270605263846369,
1263,164.0,165,0.17443382786663367,0.03270605263846369,
1264,65.0,66,0.1741928242299957,0.03270605263846369,
1265,156.0,157,0.1739521535720786,0.03270605263846369,
1266,201.0,202,0.17371181543282774,0.03270605263846369,
1267,62.0,63,0.17347180935282416,0.03270605263846369,
1268,164.0,165,0.17323213487328365,0.03270605263846369,
1269,86.0,87,0.17299279153605587,0.03270605263846369,
1270,172.0,173,0.17275377888362348,0.03270605263846369,
1271,122.0,123,0.17251509645910126,0.03270605263846369,
1272,13.0,14,0.17227674380623523,0.03270605263846369,
1273,19.0,20,0.17203872046940177,0.03270605263846369,
1274,102.0,103,0.17180102599360683,0.03270605263846369,
1275,99.0,100,0.17156365992448494,0.03270605263846369,
1276,16.0,17,0.17132662180829838,0.03270605263846369,
1277,99.0,100,0.1710899111919364,0.03270605263846369,
1278,134.0,135,0.1708535276229142,0.03270605263846369,
1279,113.0,114,0.1706174706493722,0.03270605263846369,
1280,121.0,122,0.1703817398200751,0.03270605263846369,111.4
1281,52.0,53,0.1701463346844111,0.03270605263846369,
1282,145.0,146,0.1699112547923909,0.03270605263846369,
1283,162.0,163,0.16967649969464693,0.03270605263846369,
1284,83.0,84,0.16944206894243255,0.03270605263846369,
1285,128.0,129,0.16920796208762107,0.03270605263846369,
1286,18.0,19,0.16897417868270495,0.03270605263846369,
1287,141.0,142,0.16874071828079495,0.03270605263846369,
1288,167.0,168,0.16850758043561928,0.03270605263846369,
1289,500.0,500,0.16827476470152272,0.03270605263846369,
1290,319.0,320,0.16804227063346577,0.03270605263846369,
1291,166.0,167,0.16781009778702383,0.03270605263846369,
1292,122.0,123,0.16757824571838628,0.03270605263846369,
1293,129.0,130,0.1673467139843558,0.03270605263846369,
1294,118.0,119,0.1671155021423473,0.03270605263846369,
1295,152.0,153,0.16688460975038721,0.03270605263846369,
1296,183.0,184,0.16665403636711262,0.03270605263846369,
1297,108.0,109,0.1664237815517704,0.03270605263846369,
1298,104.0,105,0.16619384486421643,0.03270605263846369,
1299,155.0,156,0.16596422586491463,0.03270605263846369,
1300,174.0,175,0.16573492411493626,0.03270605263846369,210.1
1301,216.0,217,0.165505939175959,0.03270605263846369,
1302,48.0,49,0.1652772706102661,0.03270605263846369,
1303,127.0,128,0.1650489179807456,0.03270605263846369,
1304,15.0,16,0.16482088085088953,0.03270605263846369,
1305,143.0,144,0.1645931587847929,0.03270605263846369,
1306,133.0,134,0.16436575134715303,0.03270605263846369,
1307,96.0,97,0.16413865810326872,0.03270605263846369,
1308,117.0,118,0.1639118786190393,0.03270605263846369,
1309,121.0,122,0.16368541246096388,0.03270605263846369,
1310,127.0,128,0.16345925919614052,0.03270605263846369,
1311,88.0,89,0.1632334183922654,0.03270605263846369,
1312,123.0,124,0.163007889617632,0.03270605263846369,
1313,44.0,45,0.16278267244113018,0.03270605263846369,
1314,314.0,315,0.16255776643224554,0.03270605263846369,
1315,238.0,239,0.16233317116105841,0.03270605263846369,
1316,355.0,356,0.16210888619824318,0.03270605263846369,
1317,176.0,177,0.16188491111506736,0.03270605263846369,
1318,259.0,260,0.16166124548339086,0.03270605263846369,
1319,500.0,500,0.16143788887566507,0.03270605263846369,
1320,136.0,137,0.16121484086493212,0.03270605263846369,145.9
1321,146.0,147,0.16099210102482403,0.03270605263846369,
1322,500.0,500,0.1607696689295619,0.03270605263846369,
1323,403.0,404,0.16054754415395514,0.03270605263846369,
1324,182.0,183,0.16032572627340058,0.03270605263846369,
1325,33.0,34,0.1601042148638817,0.03270605263846369,
1326,198.0,199,0.15988300950196785,0.03270605263846369,
1327,127.0,128,0.15966210976481335,0.03270605263846369,
1328,74.0,75,0.15944151523015676,0.03270605263846369,
1329,118.0,119,0.15922122547632006,0.03270605263846369,
1330,52.0,53,0.15900124008220784,0.03270605263846369,
1331,129.0,130,0.15878155862730647,0.03270605263846369,
1332,113.0,114,0.15856218069168335,0.03270605263846369,
1333,142.0,143,0.15834310585598602,0.03270605263846369,
1334,117.0,118,0.15812433370144144,0.03270605263846369,
1335,61.0,62,0.1579058638098552,0.03270605263846369,
1336,117.0,118,0.15768769576361058,0.03270605263846369,
1337,61.0,62,0.15746982914566796,0.03270605263846369,
1338,152.0,153,0.15725226353956387,0.03270605263846369,
1339,232.0,233,0.15703499852941022,0.03270605263846369,
1340,122.0,123,0.15681803369989356,0.03270605263846369,104.1
1341,101.0,102,0.15660136863627422,0.03270605263846369,
1342,156.0,157,0.1563850029243856,0.03270605263846369,
1343,27.0,28,0.15616893615063326,0.03270605263846369,
1344,133.0,134,0.15595316790199426,0.03270605263846369,
1345,114.0,115,0.15573769776601626,0.03270605263846369,
1346,104.0,105,0.15552252533081679,0.03270605263846369,
1347,116.0,117,0.15530765018508244,0.03270605263846369,
1348,100.0,101,0.15509307191806812,0.03270605263846369,
1349,98.0,99,0.15487879011959618,0.03270605263846369,
1350,16.0,17,0.15466480438005575,0.016353026319231845,
1351,29.0,30,0.15445111429040187,0.016353026319231845,
1352,109.0,110,0.15423771944215472,0.016353026319231845,
1353,119.0,120,0.15402461942739887,0.016353026319231845,
1354,195.0,196,0.15381181383878242,0.016353026319231845,
1355,500.0,500,0.15359930226951635,0.016353026319231845,
1356,212.0,213,0.15338708431337364,0.016353026319231845,
1357,237.0,238,0.15317515956468855,0.016353026319231845,
1358,17.0,18,0.1529635276183558,0.016353026319231845,
1359,310.0,311,0.15275218806982982,0.016353026319231845,
1360,241.0,242,0.152541140515124,0.016353026319231845,376.6
1361,163.0,164,0.15233038455080983,0.016353026319231845,
1362,325.0,326,0.15211991977401623,0.016353026319231845,
1363,272.0,273,0.15190974578242877,0.016353026319231845,
1364,170.0,171,0.15169986217428882,0.016353026319231845,
1365,465.0,466,0.15149026854839287,0.016353026319231845,
1366,478.0,479,0.1512809645040917,0.016353026319231845,
1367,64.0,65,0.15107194964128964,0.016353026319231845,
1368,254.0,255,0.15086322356044382,0.016353026319231845,
1369,271.0,272,0.1506547858625634,0.016353026319231845,
1370,500.0,500,0.15044663614920878,0.016353026319231845,
1371,116.0,117,0.15023877402249086,0.016353026319231845,
1372,237.0,238,0.1500311990850703,0.016353026319231845,
1373,285.0,286,0.14982391094015668,0.016353026319231845,
1374,37.0,38,0.14961690919150789,0.016353026319231845,
1375,146.0,147,0.14941019344342918,0.016353026319231845,
1376,157.0,158,0.1492037633007726,0.016353026319231845,
1377,164.0,165,0.14899761836893605,0.016353026319231845,
1378,156.0,157,0.1487917582538627,0.016353026319231845,
1379,233.0,234,0.14858618256204018,0.016353026319231845,
1380,211.0,212,0.14838089090049972,0.016353026319231845,111.7
1381,79.0,80,0.14817588287681557,0.016353026319231845,
1382,72.0,73,0.14797115809910413,0.016353026319231845,
1383,123.0,124,0.14776671617602327,0.016353026319231845,
1384,96.0,97,0.1475625567167715,0.016353026319231845,
1385,153.0,154,0.1473586793310873,0.016353026319231845,
1386,290.0,291,0.14715508362924837,0.016353026319231845,
1387,156.0,157,0.14695176922207084,0.016353026319231845,
1388,199.0,200,0.14674873572090857,0.016353026319231845,
1389,169.0,170,0.14654598273765237,0.016353026319231845,
1390,124.0,125,0.14634350988472927,0.016353026319231845,
1391,117.0,118,0.14614131677510178,0.016353026319231845,
1392,126.0,127,0.14593940302226718,0.016353026319231845,
1393,142.0,143,0.14573776824025672,0.016353026319231845,
1394,165.0,166,0.14553641204363496,0.016353026319231845,
1395,148.0,149,0.14533533404749896,0.016353026319231845,
1396,202.0,203,0.14513453386747757,0.016353026319231845,
1397,95.0,96,0.14493401111973073,0.016353026319231845,
1398,152.0,153,0.14473376542094868,0.016353026319231845,
1399,180.0,181,0.1445337963883513,0.016353026319231845,
1400,151.0,152,0.14433410363968724,0.016353026319231845,128.6
1401,158.0,159,0.14413468679323335,0.016353026319231845,
1402,164.0,165,0.14393554546779389,0.016353026319231845,
1403,486.0,487,0.14373667928269976,0.016353026319231845,
1404,500.0,500,0.1435380878578078,0.016353026319231845,
1405,152.0,153,0.1433397708135001,0.016353026319231845,
1406,500.0,500,0.14314172777068324,0.016353026319231845,
1407,210.0,211,0.14294395835078752,0.016353026319231845,
1408,204.0,205,0.14274646217576634,0.016353026319231845,
1409,166.0,167,0.1425492388680954,0.016353026319231845,
1410,159.0,160,0.142352288050772,0.016353026319231845,
1411,152.0,153,0.1421556093473143,0.016353026319231845,
1412,151.0,152,0.14195920238176069,0.016353026319231845,
1413,156.0,157,0.14176306677866893,0.016353026319231845,
1414,252.0,253,0.14156720216311552,0.016353026319231845,
1415,183.0,184,0.141371608160695,0.016353026319231845,
1416,146.0,147,0.14117628439751914,0.016353026319231845,
1417,157.0,158,0.14098123050021633,0.016353026319231845,
1418,191.0,192,0.1407864460959308,0.016353026319231845,
1419,244.0,245,0.14059193081232196,0.016353026319231845,
1420,147.0,148,0.14039768427756366,0.016353026319231845,153.7
1421,162.0,163,0.14020370612034344,0.016353026319231845,
1422,280.0,281,0.14000999596986188,0.016353026319231845,
1423,158.0,159,0.13981655345583185,0.016353026319231845,
1424,500.0,500,0.13962337820847787,0.016353026319231845,
1425,155.0,156,0.1394304698585353,0.016353026319231845,
1426,500.0,500,0.1392378280372497,0.016353026319231845,
1427,500.0,500,0.13904545237637617,0.016353026319231845,
1428,500.0,500,0.1388533425081785,0.016353026319231845,
1429,284.0,285,0.1386614980654286,0.016353026319231845,
1430,363.0,364,0.13846991868140576,0.016353026319231845,
1431,148.0,149,0.13827860398989597,0.016353026319231845,
1432,148.0,149,0.13808755362519112,0.016353026319231845,
1433,186.0,187,0.13789676722208843,0.016353026319231845,
1434,171.0,172,0.1377062444158897,0.016353026319231845,
1435,130.0,131,0.13751598484240055,0.016353026319231845,
1436,123.0,124,0.13732598813792987,0.016353026319231845,
1437,159.0,160,0.13713625393928897,0.016353026319231845,
1438,500.0,500,0.13694678188379097,0.016353026319231845,
1439,500.0,500,0.13675757160925012,0.016353026319231845,
1440,500.0,500,0.13656862275398104,0.016353026319231845,470.2
1441,500.0,500,0.1363799349567981,0.016353026319231845,
1442,500.0,500,0.13619150785701464,0.016353026319231845,
1443,500.0,500,0.13600334109444243,0.016353026319231845,
1444,500.0,500,0.13581543430939078,0.016353026319231845,
1445,500.0,500,0.13562778714266605,0.016353026319231845,
1446,500.0,500,0.1354403992355708,0.016353026319231845,
1447,168.0,169,0.13525327022990324,0.016353026319231845,
1448,184.0,185,0.13506639976795648,0.016353026319231845,
1449,94.0,95,0.1348797874925178,0.016353026319231845,
1450,155.0,156,0.13469343304686807,0.016353026319231845,
1451,117.0,118,0.13450733607478096,0.016353026319231845,
1452,188.0,189,0.13432149622052236,0.016353026319231845,
1453,191.0,192,0.13413591312884965,0.016353026319231845,
1454,25.0,26,0.133950586445011,0.016353026319231845,
1455,112.0,113,0.13376551581474475,0.016353026319231845,
1456,120.0,121,0.13358070088427867,0.016353026319231845,
1457,192.0,193,0.13339614130032934,0.016353026319231845,
1458,107.0,108,0.13321183671010142,0.016353026319231845,
1459,106.0,107,0.13302778676128701,0.016353026319231845,
1460,109.0,110,0.132843991102065,0.016353026319231845,168.3
1461,179.0,180,0.13266044938110033,0.016353026319231845,
1462,355.0,356,0.13247716124754338,0.016353026319231845,
1463,419.0,420,0.13229412635102927,0.016353026319231845,
1464,260.0,261,0.1321113443416772,0.016353026319231845,
1465,500.0,500,0.13192881487008976,0.016353026319231845,
1466,500.0,500,0.13174653758735227,0.016353026319231845,
1467,119.0,120,0.13156451214503218,0.016353026319231845,
1468,126.0,127,0.1313827381951783,0.016353026319231845,
1469,157.0,158,0.13120121539032017,0.016353026319231845,
1470,188.0,189,0.13101994338346745,0.016353026319231845,
1471,405.0,406,0.1308389218281092,0.016353026319231845,
1472,141.0,142,0.13065815037821318,0.016353026319231845,
1473,128.0,129,0.13047762868822532,0.016353026319231845,
1474,239.0,240,0.13029735641306892,0.016353026319231845,
1475,221.0,222,0.13011733320814406,0.016353026319231845,
1476,500.0,500,0.12993755872932697,0.016353026319231845,
1477,500.0,500,0.12975803263296928,0.016353026319231845,
1478,476.0,477,0.12957875457589746,0.016353026319231845,
1479,134.0,135,0.1293997242154121,0.016353026319231845,
1480,145.0,146,0.12922094120928726,0.016353026319231845,209.9
1481,184.0,185,0.12904240521576985,0.016353026319231845,
1482,16.0,17,0.12886411589357893,0.016353026319231845,
1483,143.0,144,0.12868607290190515,0.016353026319231845,
1484,156.0,157,0.12850827590040995,0.016353026319231845,
1485,231.0,232,0.12833072454922506,0.016353026319231845,
1486,265.0,266,0.12815341850895176,0.016353026319231845,
1487,183.0,184,0.12797635744066027,0.016353026319231845,
1488,159.0,160,0.12779954100588903,0.016353026319231845,
1489,169.0,170,0.12762296886664418,0.016353026319231845,
1490,132.0,133,0.1274466406853988,0.016353026319231845,
1491,152.0,153,0.12727055612509233,0.016353026319231845,
1492,500.0,500,0.1270947148491299,0.016353026319231845,
1493,168.0,169,0.1269191165213817,0.016353026319231845,
1494,212.0,213,0.12674376080618224,0.016353026319231845,
1495,245.0,246,0.12656864736832996,0.016353026319231845,
1496,500.0,500,0.12639377587308628,0.016353026319231845,
1497,154.0,155,0.1262191459861752,0.016353026319231845,
1498,103.0,104,0.12604475737378254,0.016353026319231845,
1499,97.0,98,0.1258706097025553,0.016353026319231845,
1500,141.0,142,0.12569670263960106,0.016353026319231845,94.9
1501,96.0,97,0.12552303585248736,0.016353026319231845,
1502,39.0,40,0.12534960900924103,0.016353026319231845,
1503,103.0,104,0.12517642177834754,0.016353026319231845,
1504,108.0,109,0.12500347382875043,0.016353026319231845,
1505,32.0,33,0.12483076482985064,0.016353026319231845,
1506,94.0,95,0.12465829445150584,0.016353026319231845,
1507,57.0,58,0.12448606236402986,0.016353026319231845,
1508,37.0,38,0.12431406823819202,0.016353026319231845,
1509,98.0,99,0.12414231174521653,0.016353026319231845,
1510,72.0,73,0.12397079255678185,0.016353026319231845,
1511,157.0,158,0.12379951034502006,0.016353026319231845,
1512,170.0,171,0.12362846478251621,0.016353026319231845,
1513,156.0,157,0.12345765554230775,0.016353026319231845,
1514,173.0,174,0.12328708229788386,0.016353026319231845,
1515,159.0,160,0.12311674472318483,0.016353026319231845,
1516,130.0,131,0.12294664249260144,0.016353026319231845,
1517,114.0,115,0.12277677528097436,0.016353026319231845,
1518,202.0,203,0.12260714276359351,0.016353026319231845,
1519,493.0,494,0.12243774461619743,0.016353026319231845,
1520,127.0,128,0.12226858051497268,0.016353026319231845,145.2
1521,161.0,162,0.1220996501365532,0.016353026319231845,
1522,139.0,140,0.12193095315801972,0.016353026319231845,
1523,149.0,150,0.12176248925689911,0.016353026319231845,
1524,181.0,182,0.1215942581111638,0.016353026319231845,
1525,500.0,500,0.1214262593992311,0.016353026319231845,
1526,116.0,117,0.12125849279996269,0.016353026319231845,
1527,120.0,121,0.1210909579926639,0.016353026319231845,
1528,154.0,155,0.12092365465708316,0.016353026319231845,
1529,228.0,229,0.12075658247341137,0.016353026319231845,
1530,169.0,170,0.12058974112228128,0.016353026319231845,
1531,170.0,171,0.12042313028476691,0.016353026319231845,
1532,114.0,115,0.12025674964238289,0.016353026319231845,
1533,157.0,158,0.1200905988770839,0.016353026319231845,
1534,107.0,108,0.11992467767126404,0.016353026319231845,
1535,192.0,193,0.11975898570775621,0.016353026319231845,
1536,134.0,135,0.11959352266983155,0.016353026319231845,
1537,97.0,98,0.11942828824119876,0.016353026319231845,
1538,110.0,111,0.11926328210600359,0.016353026319231845,
1539,178.0,179,0.11909850394882814,0.016353026319231845,
1540,364.0,365,0.11893395345469031,0.016353026319231845,459.4
1541,493.0,494,0.11876963030904322,0.016353026319231845,
1542,500.0,500,0.11860553419777455,0.016353026319231845,
1543,500.0,500,0.11844166480720597,0.016353026319231845,
1544,189.0,190,0.11827802182409254,0.016353026319231845,
1545,282.0,283,0.11811460493562213,0.016353026319231845,
1546,93.0,94,0.11795141382941478,0.016353026319231845,
1547,192.0,193,0.11778844819352212,0.016353026319231845,
1548,168.0,169,0.1176257077164268,0.016353026319231845,
1549,274.0,275,0.11746319208704185,0.016353026319231845,
1550,237.0,238,0.11730090099471013,0.016353026319231845,
1551,130.0,131,0.1171388341292037,0.016353026319231845,
1552,165.0,166,0.11697699118072324,0.016353026319231845,
1553,176.0,177,0.11681537183989749,0.016353026319231845,
1554,147.0,148,0.11665397579778257,0.016353026319231845,
1555,214.0,215,0.11649280274586149,0.016353026319231845,
1556,186.0,187,0.11633185237604352,0.016353026319231845,
1557,102.0,103,0.11617112438066357,0.016353026319231845,
1558,97.0,98,0.11601061845248165,0.016353026319231845,
1559,101.0,102,0.11585033428468226,0.016353026319231845,
1560,114.0,115,0.1156902715708738,0.016353026319231845,160.5
1561,160.0,161,0.11553043000508802,0.016353026319231845,
1562,234.0,235,0.11537080928177935,0.016353026319231845,
1563,118.0,119,0.11521140909582442,0.016353026319231845,
1564,188.0,189,0.1150522291425214,0.016353026319231845,
1565,116.0,117,0.11489326911758949,0.016353026319231845,
1566,363.0,364,0.11473452871716823,0.016353026319231845,
1567,114.0,115,0.11457600763781704,0.016353026319231845,
1568,174.0,175,0.11441770557651455,0.016353026319231845,
1569,29.0,30,0.11425962223065808,0.016353026319231845,
1570,170.0,171,0.114101757298063,0.016353026319231845,
1571,119.0,120,0.11394411047696223,0.016353026319231845,
1572,126.0,127,0.1137866814660056,0.016353026319231845,
1573,102.0,103,0.11362946996425928,0.016353026319231845,
1574,14.0,15,0.11347247567120526,0.016353026319231845,
1575,98.0,99,0.11331569828674071,0.016353026319231845,
1576,120.0,121,0.11315913751117743,0.016353026319231845,
1577,171.0,172,0.11300279304524127,0.016353026319231845,
1578,500.0,500,0.11284666459007162,0.016353026319231845,
1579,230.0,231,0.11269075184722072,0.016353026319231845,
1580,500.0,500,0.11253505451865319,0.016353026319231845,414.8
1581,424.0,425,0.1123795723067454,0.016353026319231845,
1582,206.0,207,0.11222430491428498,0.016353026319231845,
1583,312.0,313,0.11206925204447014,0.016353026319231845,
1584,367.0,368,0.1119144134009092,0.016353026319231845,
1585,122.0,123,0.11175978868761996,0.016353026319231845,
1586,114.0,115,0.11160537760902918,0.016353026319231845,
1587,123.0,124,0.11145117986997198,0.016353026319231845,
1588,118.0,119,0.1112971951756913,0.016353026319231845,
1589,121.0,122,0.1111434232318373,0.016353026319231845,
1590,235.0,236,0.11098986374446687,0.016353026319231845,
1591,53.0,54,0.11083651642004298,0.016353026319231845,
1592,500.0,500,0.11068338096543417,0.016353026319231845,
1593,500.0,500,0.110530457087914,0.016353026319231845,
1594,99.0,100,0.11037774449516044,0.016353026319231845,
1595,284.0,285,0.11022524289525537,0.016353026319231845,
1596,122.0,123,0.11007295199668397,0.016353026319231845,
1597,123.0,124,0.10992087150833421,0.016353026319231845,
1598,136.0,137,0.10976900113949627,0.016353026319231845,
1599,34.0,35,0.10961734059986195,0.016353026319231845,
1600,21.0,22,0.10946588959952418,0.016353026319231845,120.7
1601,128.0,129,0.10931464784897643,0.016353026319231845,
1602,101.0,102,0.10916361505911217,0.016353026319231845,
1603,107.0,108,0.10901279094122429,0.016353026319231845,
1604,141.0,142,0.10886217520700459,0.016353026319231845,
1605,130.0,131,0.10871176756854317,0.016353026319231845,
1606,16.0,17,0.10856156773832797,0.016353026319231845,
1607,59.0,60,0.1084115754292441,0.016353026319231845,
1608,38.0,39,0.10826179035457341,0.016353026319231845,
1609,118.0,119,0.10811221222799389,0.016353026319231845,
1610,137.0,138,0.10796284076357908,0.016353026319231845,
1611,108.0,109,0.1078136756757976,0.016353026319231845,
1612,100.0,101,0.10766471667951255,0.016353026319231845,
1613,16.0,17,0.10751596348998102,0.016353026319231845,
1614,30.0,31,0.10736741582285346,0.016353026319231845,
1615,67.0,68,0.10721907339417322,0.016353026319231845,
1616,133.0,134,0.10707093592037598,0.016353026319231845,
1617,101.0,102,0.10692300311828917,0.016353026319231845,
1618,22.0,23,0.10677527470513148,0.016353026319231845,
1619,97.0,98,0.10662775039851231,0.016353026319231845,
1620,78.0,79,0.10648042991643121,0.016353026319231845,267.9
1621,500.0,500,0.10633331297727734,0.016353026319231845,
1622,494.0,495,0.10618639929982897,0.016353026319231845,
1623,171.0,172,0.10603968860325287,0.016353026319231845,
1624,208.0,209,0.10589318060710387,0.016353026319231845,
1625,175.0,176,0.10574687503132425,0.016353026319231845,
1626,187.0,188,0.10560077159624323,0.016353026319231845,
1627,184.0,185,0.10545487002257642,0.016353026319231845,
1628,163.0,164,0.10530917003142531,0.016353026319231845,
1629,124.0,125,0.10516367134427673,0.016353026319231845,
1630,141.0,142,0.1050183736830023,0.016353026319231845,
1631,119.0,120,0.10487327676985793,0.016353026319231845,
1632,158.0,159,0.10472838032748324,0.016353026319231845,
1633,500.0,500,0.1045836840789011,0.016353026319231845,
1634,190.0,191,0.10443918774751704,0.016353026319231845,
1635,155.0,156,0.10429489105711873,0.016353026319231845,
1636,136.0,137,0.10415079373187547,0.016353026319231845,
1637,182.0,183,0.10400689549633768,0.016353026319231845,
1638,116.0,117,0.10386319607543634,0.016353026319231845,
1639,116.0,117,0.10371969519448246,0.016353026319231845,
1640,133.0,134,0.10357639257916658,0.016353026319231845,119.1
1641,126.0,127,0.10343328795555823,0.016353026319231845,
1642,159.0,160,0.10329038105010542,0.016353026319231845,
1643,126.0,127,0.1031476715896341,0.016353026319231845,
1644,157.0,158,0.10300515930134765,0.016353026319231845,
1645,182.0,183,0.10286284391282637,0.016353026319231845,
1646,181.0,182,0.1027207251520269,0.016353026319231845,
1647,202.0,203,0.1025788027472818,0.016353026319231845,
1648,221.0,222,0.10243707642729895,0.016353026319231845,
1649,183.0,184,0.10229554592116104,0.016353026319231845,
1650,220.0,221,0.10215421095832508,0.008176513159615923,
1651,121.0,122,0.10201307126862189,0.008176513159615923,
1652,119.0,120,0.10187212658225554,0.008176513159615923,
1653,116.0,117,0.10173137662980287,0.008176513159615923,
1654,201.0,202,0.10159082114221298,0.008176513159615923,
1655,169.0,170,0.10145045985080665,0.008176513159615923,
1656,183.0,184,0.10131029248727594,0.008176513159615923,
1657,169.0,170,0.10117031878368356,0.008176513159615923,
1658,164.0,165,0.10103053847246245,0.008176513159615923,
1659,136.0,137,0.1008909512864152,0.008176513159615923,
1660,167.0,168,0.10075155695871359,0.008176513159615923,180.0
1661,175.0,176,0.10061235522289805,0.008176513159615923,
1662,165.0,166,0.10047334581287715,0.008176513159615923,
1663,173.0,174,0.10033452846292712,0.008176513159615923,
1664,172.0,173,0.10019590290769131,0.008176513159615923,
1665,202.0,203,0.10005746888217971,0.008176513159615923,
1666,140.0,141,0.09991922612176841,0.008176513159615923,
1667,162.0,163,0.09978117436219912,0.008176513159615923,
1668,145.0,146,0.09964331333957865,0.008176513159615923,
1669,152.0,153,0.09950564279037845,0.008176513159615923,
1670,294.0,295,0.09936816245143403,0.008176513159615923,
1671,481.0,482,0.0992308720599445,0.008176513159615923,
1672,500.0,500,0.0990937713534721,0.008176513159615923,
1673,353.0,354,0.09895686006994162,0.008176513159615923,
1674,459.0,460,0.09882013794763995,0.008176513159615923,
1675,444.0,445,0.09868360472521562,0.008176513159615923,
1676,443.0,444,0.09854726014167817,0.008176513159615923,
1677,500.0,500,0.09841110393639779,0.008176513159615923,
1678,500.0,500,0.09827513584910477,0.008176513159615923,
1679,500.0,500,0.09813935561988896,0.008176513159615923,
1680,500.0,500,0.09800376298919933,0.008176513159615923,493.4
1681,500.0,500,0.09786835769784347,0.008176513159615923,
1682,358.0,359,0.09773313948698704,0.008176513159615923,
1683,500.0,500,0.09759810809815336,0.008176513159615923,
1684,437.0,438,0.09746326327322283,0.008176513159615923,
1685,500.0,500,0.0973286047544325,0.008176513159615923,
1686,500.0,500,0.09719413228437555,0.008176513159615923,
1687,500.0,500,0.0970598456060008,0.008176513159615923,
1688,500.0,500,0.0969257444626122,0.008176513159615923,
1689,500.0,500,0.09679182859786842,0.008176513159615923,
1690,500.0,500,0.09665809775578223,0.008176513159615923,
1691,500.0,500,0.0965245516807201,0.008176513159615923,
1692,500.0,500,0.09639119011740174,0.008176513159615923,
1693,500.0,500,0.0962580128108995,0.008176513159615923,
1694,497.0,498,0.09612501950663799,0.008176513159615923,
1695,500.0,500,0.09599220995039351,0.008176513159615923,
1696,500.0,500,0.09585958388829365,0.008176513159615923,
1697,500.0,500,0.0957271410668167,0.008176513159615923,
1698,500.0,500,0.0955948812327913,0.008176513159615923,
1699,391.0,392,0.09546280413339583,0.008176513159615923,
1700,500.0,500,0.09533090951615797,0.008176513159615923,452.6
1701,500.0,500,0.09519919712895425,0.008176513159615923,
1702,442.0,443,0.09506766672000953,0.008176513159615923,
1703,436.0,437,0.09493631803789654,0.008176513159615923,
1704,500.0,500,0.09480515083153537,0.008176513159615923,
1705,500.0,500,0.09467416485019305,0.008176513159615923,
1706,500.0,500,0.09454335984348299,0.008176513159615923,
1707,500.0,500,0.09441273556136455,0.008176513159615923,
1708,500.0,500,0.09428229175414259,0.008176513159615923,
1709,500.0,500,0.0941520281724669,0.008176513159615923,
1710,423.0,424,0.09402194456733183,0.008176513159615923,
1711,500.0,500,0.09389204069007573,0.008176513159615923,
1712,500.0,500,0.09376231629238053,0.008176513159615923,
1713,500.0,500,0.09363277112627125,0.008176513159615923,
1714,500.0,500,0.09350340494411549,0.008176513159615923,
1715,500.0,500,0.09337421749862303,0.008176513159615923,
1716,500.0,500,0.09324520854284528,0.008176513159615923,
1717,460.0,461,0.09311637783017485,0.008176513159615923,
1718,500.0,500,0.09298772511434507,0.008176513159615923,
1719,500.0,500,0.09285925014942954,0.008176513159615923,
1720,156.0,157,0.09273095268984162,0.008176513159615923,112.8
1721,118.0,119,0.09260283249033399,0.008176513159615923,
1722,119.0,120,0.09247488930599816,0.008176513159615923,
1723,180.0,181,0.09234712289226403,0.008176513159615923,
1724,500.0,500,0.09221953300489939,0.008176513159615923,
1725,500.0,500,0.09209211940000948,0.008176513159615923,
1726,500.0,500,0.09196488183403652,0.008176513159615923,
1727,500.0,500,0.0918378200637592,0.008176513159615923,
1728,449.0,450,0.09171093384629232,0.008176513159615923,
1729,500.0,500,0.09158422293908619,0.008176513159615923,
1730,500.0,500,0.09145768709992629,0.008176513159615923,
1731,500.0,500,0.09133132608693269,0.008176513159615923,
1732,381.0,382,0.09120513965855971,0.008176513159615923,
1733,179.0,180,0.09107912757359538,0.008176513159615923,
1734,165.0,166,0.09095328959116097,0.008176513159615923,
1735,177.0,178,0.09082762547071059,0.008176513159615923,
1736,177.0,178,0.09070213497203067,0.008176513159615923,
1737,168.0,169,0.09057681785523955,0.008176513159615923,
1738,358.0,359,0.09045167388078698,0.008176513159615923,
1739,500.0,500,0.0903267028094537,0.008176513159615923,
1740,500.0,500,0.09020190440235093,0.008176513159615923,500.0
1741,500.0,500,0.09007727842091999,0.008176513159615923,
1742,500.0,500,0.08995282462693177,0.008176513159615923,
1743,375.0,376,0.08982854278248632,0.008176513159615923,
1744,500.0,500,0.08970443265001236,0.008176513159615923,
1745,500.0,500,0.08958049399226689,0.008176513159615923,
1746,500.0,500,0.08945672657233464,0.008176513159615923,
1747,500.0,500,0.08933313015362769,0.008176513159615923,
1748,500.0,500,0.08920970449988502,0.008176513159615923,
1749,151.0,152,0.08908644937517202,0.008176513159615923,
1750,151.0,152,0.08896336454388004,0.008176513159615923,
1751,162.0,163,0.08884044977072597,0.008176513159615923,
1752,500.0,500,0.08871770482075178,0.008176513159615923,
1753,500.0,500,0.08859512945932406,0.008176513159615923,
1754,500.0,500,0.08847272345213357,0.008176513159615923,
1755,500.0,500,0.08835048656519481,0.008176513159615923,
1756,500.0,500,0.08822841856484558,0.008176513159615923,
1757,500.0,500,0.08810651921774645,0.008176513159615923,
1758,500.0,500,0.08798478829088047,0.008176513159615923,
1759,500.0,500,0.08786322555155256,0.008176513159615923,
1760,500.0,500,0.08774183076738916,0.008176513159615923,173.0
1761,157.0,158,0.0876206037063378,0.008176513159615923,
1762,124.0,125,0.08749954413666657,0.008176513159615923,
1763,130.0,131,0.08737865182696376,0.008176513159615923,
1764,120.0,121,0.08725792654613738,0.008176513159615923,
1765,134.0,135,0.08713736806341472,0.008176513159615923,
1766,147.0,148,0.08701697614834193,0.008176513159615923,
1767,114.0,115,0.08689675057078354,0.008176513159615923,
1768,117.0,118,0.08677669110092205,0.008176513159615923,
1769,42.0,43,0.08665679750925748,0.008176513159615923,
1770,115.0,116,0.08653706956660695,0.008176513159615923,
1771,97.0,98,0.08641750704410421,0.008176513159615923,
1772,103.0,104,0.08629810971319923,0.008176513159615923,
1773,122.0,123,0.08617887734565775,0.008176513159615923,
1774,115.0,116,0.08605980971356085,0.008176513159615923,
1775,160.0,161,0.08594090658930449,0.008176513159615923,
1776,150.0,151,0.08582216774559913,0.008176513159615923,
1777,500.0,500,0.08570359295546923,0.008176513159615923,
1778,494.0,495,0.08558518199225286,0.008176513159615923,
1779,500.0,500,0.08546693462960125,0.008176513159615923,
1780,500.0,500,0.08534885064147837,0.008176513159615923,480.3
1781,500.0,500,0.08523092980216049,0.008176513159615923,
1782,500.0,500,0.08511317188623573,0.008176513159615923,
1783,500.0,500,0.08499557666860365,0.008176513159615923,
1784,500.0,500,0.08487814392447483,0.008176513159615923,
1785,496.0,497,0.08476087342937043,0.008176513159615923,
1786,500.0,500,0.08464376495912172,0.008176513159615923,
1787,189.0,190,0.08452681828986974,0.008176513159615923,
1788,500.0,500,0.0844100331980648,0.008176513159615923,
1789,500.0,500,0.08429340946046605,0.008176513159615923,
1790,500.0,500,0.08417694685414112,0.008176513159615923,
1791,500.0,500,0.08406064515646561,0.008176513159615923,
1792,468.0,469,0.08394450414512274,0.008176513159615923,
1793,500.0,500,0.08382852359810286,0.008176513159615923,
1794,500.0,500,0.08371270329370308,0.008176513159615923,
1795,500.0,500,0.0835970430105268,0.008176513159615923,
1796,500.0,500,0.08348154252748334,0.008176513159615923,
1797,500.0,500,0.08336620162378747,0.008176513159615923,
1798,500.0,500,0.08325102007895899,0.008176513159615923,
1799,500.0,500,0.08313599767282233,0.008176513159615923,
1800,456.0,457,0.08302113418550613,0.008176513159615923,489.2
1801,500.0,500,0.08290642939744283,0.008176513159615923,
1802,500.0,500,0.08279188308936819,0.008176513159615923,
1803,500.0,500,0.08267749504232093,0.008176513159615923,
1804,500.0,500,0.0825632650376423,0.008176513159615923,
1805,500.0,500,0.08244919285697568,0.008176513159615923,
1806,500.0,500,0.08233527828226608,0.008176513159615923,
1807,500.0,500,0.08222152109575984,0.008176513159615923,
1808,500.0,500,0.0821079210800041,0.008176513159615923,
1809,500.0,500,0.0819944780178465,0.008176513159615923,
1810,500.0,500,0.08188119169243467,0.008176513159615923,
1811,500.0,500,0.08176806188721585,0.008176513159615923,
1812,500.0,500,0.08165508838593648,0.008176513159615923,
1813,500.0,500,0.0815422709726418,0.008176513159615923,
1814,500.0,500,0.08142960943167539,0.008176513159615923,
1815,500.0,500,0.08131710354767882,0.008176513159615923,
1816,500.0,500,0.08120475310559118,0.008176513159615923,
1817,500.0,500,0.08109255789064872,0.008176513159615923,
1818,500.0,500,0.08098051768838438,0.008176513159615923,
1819,500.0,500,0.08086863228462746,0.008176513159615923,
1820,500.0,500,0.08075690146550313,0.008176513159615923,149.3
1821,137.0,138,0.08064532501743206,0.008176513159615923,
1822,161.0,162,0.08053390272713003,0.008176513159615923,
1823,176.0,177,0.08042263438160747,0.008176513159615923,
1824,500.0,500,0.08031151976816914,0.008176513159615923,
1825,438.0,439,0.08020055867441359,0.008176513159615923,
1826,500.0,500,0.08008975088823288,0.008176513159615923,
1827,500.0,500,0.07997909619781211,0.008176513159615923,
1828,171.0,172,0.07986859439162905,0.008176513159615923,
1829,500.0,500,0.07975824525845368,0.008176513159615923,
1830,500.0,500,0.07964804858734786,0.008176513159615923,
1831,500.0,500,0.07953800416766488,0.008176513159615923,
1832,438.0,439,0.07942811178904903,0.008176513159615923,
1833,237.0,238,0.07931837124143529,0.008176513159615923,
1834,500.0,500,0.07920878231504883,0.008176513159615923,
1835,500.0,500,0.07909934480040468,0.008176513159615923,
1836,174.0,175,0.07899005848830729,0.008176513159615923,
1837,277.0,278,0.07888092316985013,0.008176513159615923,
1838,500.0,500,0.07877193863641532,0.008176513159615923,
1839,500.0,500,0.07866310467967322,0.008176513159615923,
1840,500.0,500,0.07855442109158199,0.008176513159615923,169.0
1841,203.0,204,0.07844588766438727,0.008176513159615923,
1842,500.0,500,0.07833750419062172,0.008176513159615923,
1843,500.0,500,0.07822927046310463,0.008176513159615923,
1844,500.0,500,0.07812118627494156,0.008176513159615923,
1845,194.0,195,0.07801325141952392,0.008176513159615923,
1846,164.0,165,0.07790546569052856,0.008176513159615923,
1847,172.0,173,0.07779782888191741,0.008176513159615923,
1848,500.0,500,0.07769034078793707,0.008176513159615923,
1849,212.0,213,0.07758300120311841,0.008176513159615923,
1850,500.0,500,0.07747580992227618,0.008176513159615923,
1851,500.0,500,0.07736876674050862,0.008176513159615923,
1852,441.0,442,0.07726187145319707,0.008176513159615923,
1853,396.0,397,0.0771551238560056,0.008176513159615923,
1854,500.0,500,0.07704852374488057,0.008176513159615923,
1855,500.0,500,0.07694207091605026,0.008176513159615923,
1856,143.0,144,0.07683576516602453,0.008176513159615923,
1857,159.0,160,0.07672960629159434,0.008176513159615923,
1858,174.0,175,0.07662359408983144,0.008176513159615923,
1859,161.0,162,0.07651772835808794,0.008176513159615923,
1860,138.0,139,0.07641200889399596,0.008176513159615923,143.3
1861,286.0,287,0.07630643549546719,0.008176513159615923,
1862,166.0,167,0.07620100796069253,0.008176513159615923,
1863,105.0,106,0.07609572608814172,0.008176513159615923,
1864,195.0,196,0.07599058967656294,0.008176513159615923,
1865,180.0,181,0.07588559852498243,0.008176513159615923,
1866,159.0,160,0.0757807524327041,0.008176513159615923,
1867,196.0,197,0.07567605119930913,0.008176513159615923,
1868,500.0,500,0.07557149462465564,0.008176513159615923,
1869,500.0,500,0.07546708250887824,0.008176513159615923,
1870,500.0,500,0.07536281465238769,0.008176513159615923,
1871,174.0,175,0.07525869085587052,0.008176513159615923,
1872,393.0,394,0.07515471092028862,0.008176513159615923,
1873,500.0,500,0.0750508746468789,0.008176513159615923,
1874,235.0,236,0.07494718183715288,0.008176513159615923,
1875,200.0,201,0.0748436322928963,0.008176513159615923,
1876,170.0,171,0.07474022581616879,0.008176513159615923,
1877,163.0,164,0.07463696220930345,0.008176513159615923,
1878,119.0,120,0.07453384127490646,0.008176513159615923,
1879,115.0,116,0.07443086281585676,0.008176513159615923,
1880,127.0,128,0.0743280266353056,0.008176513159615923,500.0
1881,500.0,500,0.07422533253667626,0.008176513159615923,
1882,142.0,143,0.07412278032366357,0.008176513159615923,
1883,158.0,159,0.07402036980023358,0.008176513159615923,
1884,500.0,500,0.07391810077062322,0.008176513159615923,
1885,500.0,500,0.07381597303933987,0.008176513159615923,
1886,500.0,500,0.07371398641116102,0.008176513159615923,
1887,500.0,500,0.07361214069113386,0.008176513159615923,
1888,500.0,500,0.07351043568457498,0.008176513159615923,
1889,500.0,500,0.0734088711970699,0.008176513159615923,
1890,500.0,500,0.0733074470344728,0.008176513159615923,
1891,500.0,500,0.07320616300290606,0.008176513159615923,
1892,500.0,500,0.07310501890875994,0.008176513159615923,
1893,500.0,500,0.0730040145586922,0.008176513159615923,
1894,172.0,173,0.07290314975962772,0.008176513159615923,
1895,500.0,500,0.07280242431875816,0.008176513159615923,
1896,500.0,500,0.07270183804354155,0.008176513159615923,
1897,500.0,500,0.07260139074170195,0.008176513159615923,
1898,500.0,500,0.07250108222122907,0.008176513159615923,
1899,500.0,500,0.07240091229037791,0.008176513159615923,
1900,500.0,500,0.0723008807576684,0.008176513159615923,500.0
1901,500.0,500,0.07220098743188501,0.008176513159615923,
1902,500.0,500,0.07210123212207642,0.008176513159615923,
1903,500.0,500,0.07200161463755511,0.008176513159615923,
1904,500.0,500,0.07190213478789705,0.008176513159615923,
1905,500.0,500,0.07180279238294127,0.008176513159615923,
1906,500.0,500,0.07170358723278955,0.008176513159615923,
1907,500.0,500,0.07160451914780605,0.008176513159615923,
1908,500.0,500,0.07150558793861693,0.008176513159615923,
1909,438.0,439,0.07140679341610999,0.008176513159615923,
1910,500.0,500,0.07130813539143432,0.008176513159615923,
1911,500.0,500,0.07120961367599994,0.008176513159615923,
1912,500.0,500,0.0711112280814774,0.008176513159615923,
1913,162.0,163,0.0710129784197975,0.008176513159615923,
1914,500.0,500,0.07091486450315086,0.008176513159615923,
1915,500.0,500,0.07081688614398757,0.008176513159615923,
1916,500.0,500,0.07071904315501684,0.008176513159615923,
1917,406.0,407,0.07062133534920668,0.008176513159615923,
1918,500.0,500,0.0705237625397835,0.008176513159615923,
1919,500.0,500,0.07042632454023175,0.008176513159615923,
1920,18.0,19,0.07032902116429358,0.008176513159615923,478.1
1921,422.0,423,0.07023185222596849,0.008176513159615923,
1922,500.0,500,0.07013481753951296,0.008176513159615923,
1923,154.0,155,0.0700379169194401,0.008176513159615923,
1924,156.0,157,0.06994115018051927,0.008176513159615923,
1925,500.0,500,0.06984451713777579,0.008176513159615923,
1926,500.0,500,0.06974801760649052,0.008176513159615923,
1927,500.0,500,0.06965165140219955,0.008176513159615923,
1928,500.0,500,0.06955541834069383,0.008176513159615923,
1929,153.0,154,0.0694593182380188,0.008176513159615923,
1930,164.0,165,0.06936335091047409,0.008176513159615923,
1931,209.0,210,0.06926751617461312,0.008176513159615923,
1932,181.0,182,0.06917181384724275,0.008176513159615923,
1933,159.0,160,0.06907624374542297,0.008176513159615923,
1934,216.0,217,0.06898080568646651,0.008176513159615923,
1935,141.0,142,0.06888549948793853,0.008176513159615923,
1936,121.0,122,0.06879032496765622,0.008176513159615923,
1937,136.0,137,0.06869528194368849,0.008176513159615923,
1938,500.0,500,0.06860037023435561,0.008176513159615923,
1939,150.0,151,0.0685055896582289,0.008176513159615923,
1940,500.0,500,0.06841094003413027,0.008176513159615923,176.3
1941,158.0,159,0.06831642118113204,0.008176513159615923,
1942,500.0,500,0.06822203291855644,0.008176513159615923,
1943,500.0,500,0.06812777506597537,0.008176513159615923,
1944,500.0,500,0.06803364744320999,0.008176513159615923,
1945,416.0,417,0.06793964987033041,0.008176513159615923,
1946,174.0,175,0.06784578216765534,0.008176513159615923,
1947,153.0,154,0.06775204415575176,0.008176513159615923,
1948,141.0,142,0.06765843565543452,0.008176513159615923,
1949,156.0,157,0.06756495648776607,0.008176513159615923,
1950,161.0,162,0.06747160647405609,0.008176513159615923,
1951,121.0,122,0.06737838543586111,0.008176513159615923,
1952,193.0,194,0.06728529319498423,0.008176513159615923,
1953,500.0,500,0.06719232957347476,0.008176513159615923,
1954,500.0,500,0.06709949439362786,0.008176513159615923,
1955,185.0,186,0.0670067874779842,0.008176513159615923,
1956,171.0,172,0.06691420864932966,0.008176513159615923,
1957,500.0,500,0.06682175773069496,0.008176513159615923,
1958,500.0,500,0.0667294345453553,0.008176513159615923,
1959,500.0,500,0.06663723891683009,0.008176513159615923,
1960,500.0,500,0.06654517066888252,0.008176513159615923,482.5
1961,500.0,500,0.06645322962551933,0.008176513159615923,
1962,500.0,500,0.06636141561099039,0.008176513159615923,
1963,500.0,500,0.06626972844978839,0.008176513159615923,
1964,475.0,476,0.06617816796664851,0.008176513159615923,
1965,500.0,500,0.06608673398654807,0.008176513159615923,
1966,500.0,500,0.06599542633470626,0.008176513159615923,
1967,472.0,473,0.06590424483658368,0.008176513159615923,
1968,500.0,500,0.06581318931788212,0.008176513159615923,
1969,500.0,500,0.06572225960454418,0.008176513159615923,
1970,500.0,500,0.06563145552275296,0.008176513159615923,
1971,500.0,500,0.06554077689893167,0.008176513159615923,
1972,500.0,500,0.06545022355974339,0.008176513159615923,
1973,500.0,500,0.06535979533209064,0.008176513159615923,
1974,500.0,500,0.06526949204311513,0.008176513159615923,
1975,500.0,500,0.06517931352019739,0.008176513159615923,
1976,500.0,500,0.06508925959095642,0.008176513159615923,
1977,500.0,500,0.06499933008324943,0.008176513159615923,
1978,500.0,500,0.06490952482517144,0.008176513159615923,
1979,500.0,500,0.064819843645055,0.008176513159615923,
1980,500.0,500,0.06473028637146983,0.008176513159615923,500.0
1981,500.0,500,0.06464085283322249,0.008176513159615923,
1982,500.0,500,0.06455154285935609,0.008176513159615923,
1983,500.0,500,0.06446235627914992,0.008176513159615923,
1984,500.0,500,0.06437329292211917,0.008176513159615923,
1985,500.0,500,0.06428435261801456,0.008176513159615923,
1986,500.0,500,0.06419553519682202,0.008176513159615923,
1987,500.0,500,0.06410684048876239,0.008176513159615923,
1988,500.0,500,0.0640182683242911,0.008176513159615923,
1989,500.0,500,0.0639298185340978,0.008176513159615923,
1990,500.0,500,0.06384149094910607,0.008176513159615923,
1991,500.0,500,0.06375328540047312,0.008176513159615923,
1992,333.0,334,0.06366520171958939,0.008176513159615923,
1993,395.0,396,0.06357723973807833,0.008176513159615923,
1994,500.0,500,0.06348939928779597,0.008176513159615923,
1995,161.0,162,0.0634016802008307,0.008176513159615923,
1996,500.0,500,0.06331408230950289,0.008176513159615923,
1997,500.0,500,0.06322660544636456,0.008176513159615923,
1998,500.0,500,0.0631392494441991,0.008176513159615923,
1999,500.0,500,0.06305201413602093,0.008176513159615923,
2000,500.0,500,0.0629648993550752,0.008176513159615923,166.6
