value,avg_reward
0.01,2000.0
0.03666666666666667,2000.0
0.06333333333333332,2000.0
0.08999999999999998,1666.6
0.11666666666666665,2000.0
0.14333333333333334,1283.6
0.16999999999999998,603.6
0.19666666666666666,158.2
0.22333333333333333,1.0
0.25,1.0
